arm,model,language,skills,job,benchmark,preset,baseline_ns,native_ns,speedup,suspect
llr6-qwen30b-c,qwen30b,c,0,604475,quasi_affine_reduce_odd,fuzzed,231239003.0,107190563.0,2.127659574468085,0
llr6-qwen30b-c,qwen30b,c,0,604475,tsvc_2_s311,fuzzed,459197462.0,458959279.0,1.0,0
llr6-qwen30b-c,qwen30b,c,0,604475,ext_war_unit,fuzzed,211073984.0,429407025.0,1.0,0
llr6-qwen30b-c,qwen30b,c,0,604475,quasi_affine_reduce_odd,fuzzed,459460990.0,309444145.0,1.1111111111111112,0
llr6-qwen30b-c,qwen30b,c,0,604475,tsvc_2_s1244,fuzzed,525494378.0,366971400.0,1.0,0
llr6-qwen30b-c,qwen30b,c,0,604475,quasi_affine_reduce_odd,fuzzed,871171069.0,214164978.0,3.571428571428571,0
llr6-qwen30b-c,qwen30b,c,0,604475,ext_war_unit,fuzzed,216097687.0,418490016.0,1.0,0
llr6-qwen30b-c,qwen30b,c,0,604475,tsvc_2_s311,fuzzed,710757831.0,458898364.0,1.1494252873563218,0
llr6-qwen30b-c,qwen30b,c,0,604475,argmax_with_index,fuzzed,921041211.0,898376787.0,1.3333333333333333,0
llr6-qwen30b-c,qwen30b,c,0,604475,wavefront2d,fuzzed,2312543728.0,2242864827.0,1.0,0
llr6-qwen30b-c,qwen30b,c,0,604475,tsvc_2_s311,fuzzed,228883785.0,229191755.0,1.0,0
llr6-qwen30b-c,qwen30b,c,0,604475,tsvc_2_s1244,fuzzed,380615628.0,250868767.0,1.492537313432836,0
llr6-qwen30b-c,qwen30b,c,0,604475,wavefront2d,fuzzed,2315185459.0,2320578573.0,1.0,0
llr6-qwen30b-c,qwen30b,c,0,604475,argmax_with_index,fuzzed,433416668.0,307812037.0,1.4705882352941178,0
llr6-qwen30b-c,qwen30b,c,0,604475,wavefront2d,fuzzed,1157543858.0,1156861183.0,1.0,0
llr6-qwen30b-c,qwen30b,c,0,604475,argmax_with_index,fuzzed,432909642.0,307347373.0,1.4705882352941178,0
llr6-qwen30b-c,qwen30b,c,0,604475,argmax_with_index,fuzzed,440232037.0,307268065.0,1.4705882352941178,0
llr6-qwen30b-c,qwen30b,c,0,604475,argmax_with_index,fuzzed,436498692.0,307288429.0,1.4705882352941178,0
llr6-qwen30b-c,qwen30b,c,0,604475,argmax_with_index,fuzzed,437460820.0,307176085.0,1.4705882352941178,0
llr6-qwen30b-c,qwen30b,c,0,604475,argmax_with_index,fuzzed,450649629.0,307319366.0,1.4705882352941178,0
llr6-qwen30b-c,qwen30b,c,0,604475,argmax_with_index,fuzzed,433144733.0,308330330.0,1.4705882352941178,0
llr6-qwen30b-c,qwen30b,c,0,604475,argmax_with_index,fuzzed,439889506.0,307303448.0,1.4705882352941178,0
llr6-qwen30b-c,qwen30b,c,0,604475,quasi_affine_reduce_odd,fuzzed,233428718.0,459041376.0,1.0,0
llr6-qwen30b-c,qwen30b,c,0,604475,quasi_affine_reduce_odd,fuzzed,233342855.0,469980618.0,1.0,0
llr6-qwen30b-c,qwen30b,c,0,604475,tsvc_2_s316,fuzzed,817713695.0,2367942088.0,1.0,0
llr6-qwen30b-c,qwen30b,c,0,604475,tsvc_2_s252,fuzzed,249290595.0,351507711.0,1.0,0
llr6-qwen30b-c,qwen30b,c,0,604475,wavefront2d,fuzzed,3513642893.0,2503041339.0,1.0,0
llr6-qwen30b-c,qwen30b,c,0,604475,tsvc_2_s1244,fuzzed,255170437.0,152535437.0,2.0,0
llr6-qwen30b-c,qwen30b,c,0,604475,tsvc_2_s316,fuzzed,618535493.0,2360977016.0,1.0,0
llr6-qwen30b-c,qwen30b,c,0,604475,tsvc_2_s2275,fuzzed,2466739513.0,3667352750.0,1.0,0
llr6-qwen30b-c,qwen30b,c,0,604475,tsvc_2_s252,fuzzed,365390164.0,354599131.0,1.0,0
llr6-qwen30b-c,qwen30b,c,0,604475,wavefront2d,fuzzed,1159226315.0,1158906720.0,1.0,0
llr6-qwen30b-c,qwen30b,c,0,604475,tsvc_2_s252,fuzzed,251766436.0,461605266.0,1.0,0
llr6-qwen30b-c,qwen30b,c,0,604475,tsvc_2_s1244,fuzzed,262080437.0,312402148.0,1.0,0
llr6-qwen30b-c,qwen30b,c,0,604475,tsvc_2_s316,fuzzed,615401230.0,614712918.0,1.0,0
llr6-qwen30b-c,qwen30b,c,0,604475,tsvc_2_s2275,fuzzed,2359945186.0,2600363881.0,1.0,0
llr6-qwen30b-c,qwen30b,c,0,604475,tsvc_2_s316,fuzzed,905554889.0,913386208.0,1.0,0
llr6-qwen30b-c,qwen30b,c,0,604475,wavefront2d,fuzzed,2327517789.0,1158908145.0,1.0752688172043012,0
llr6-qwen30b-c,qwen30b,c,0,604475,tsvc_2_s1244,fuzzed,524183449.0,127231450.0,2.9411764705882355,0
llr6-qwen30b-c,qwen30b,c,0,604475,wavefront2d,fuzzed,1158822340.0,1158432878.0,1.0,0
llr6-qwen30b-c,qwen30b,c,0,604475,wavefront2d,fuzzed,1158784170.0,1158499430.0,1.0,0
llr6-qwen30b-c,qwen30b,c,0,604475,wavefront2d,fuzzed,1158715088.0,1158569466.0,1.0,0
llr6-qwen30b-c,qwen30b,c,0,604475,wavefront2d,fuzzed,1158905257.0,1159000013.0,1.0,0
llr6-qwen30b-c,qwen30b,c,0,604475,wavefront2d,fuzzed,1160034068.0,1159270835.0,1.0,0
llr6-qwen30b-c,qwen30b,c,0,604475,ext_break_post_body,fuzzed,177977496.0,177637525.0,1.0,0
llr6-qwen30b-c,qwen30b,c,0,604475,tsvc_2_vtvtv,fuzzed,98250083.0,303199327.0,1.0,0
llr6-qwen30b-c,qwen30b,c,0,604475,tsvc_2_s1232,fuzzed,187991728.0,295861021.0,1.0,0
llr6-qwen30b-c,qwen30b,c,0,604475,ext_break_post_body,fuzzed,177977065.0,266826487.0,1.0,0
llr6-qwen30b-c,qwen30b,c,0,604475,tsvc_2_s235,fuzzed,3488184880.0,1682221317.0,1.5873015873015872,0
llr6-qwen30b-c,qwen30b,c,0,604475,tsvc_2_vtvtv,fuzzed,195241336.0,195563723.0,1.0,0
llr6-qwen30b-c,qwen30b,c,0,604475,tsvc_2_s1232,fuzzed,273824546.0,98083837.0,1.492537313432836,0
llr6-qwen30b-c,qwen30b,c,0,604475,ext_break_post_body,fuzzed,265391082.0,175930321.0,1.4492753623188408,0
llr6-qwen30b-c,qwen30b,c,0,604475,tsvc_2_s323,fuzzed,552114760.0,381409996.0,1.5873015873015872,0
llr6-qwen30b-c,qwen30b,c,0,604475,tsvc_2_s323,fuzzed,188967248.0,190621550.0,1.0,0
llr6-qwen30b-c,qwen30b,c,0,604475,tsvc_2_s323,fuzzed,189242349.0,190643489.0,1.9607843137254901,0
llr6-qwen30b-c,qwen30b,c,0,604475,tsvc_2_s323,fuzzed,188770491.0,196605282.0,1.0,0
llr6-qwen30b-c,qwen30b,c,0,604475,tsvc_2_s323,fuzzed,188587014.0,190662766.0,1.0,0
llr6-qwen30b-c,qwen30b,c,0,604475,tsvc_2_s323,fuzzed,188402704.0,190920311.0,1.0,0
llr6-qwen30b-c,qwen30b,c,0,604475,tsvc_2_s323,fuzzed,188976810.0,191105800.0,1.0,0
llr6-qwen30b-c,qwen30b,c,0,604475,tsvc_2_s323,fuzzed,4281726340.0,598062044.0,5.882352941176473,0
llr6-qwen30b-c,qwen30b,c,0,604475,ext_break_post_body,fuzzed,346605147.0,351186962.0,1.0,0
llr6-qwen30b-c,qwen30b,c,0,604475,tsvc_2_s275,fuzzed,4971440735.0,3482287846.0,1.0,0
llr6-qwen30b-c,qwen30b,c,0,604475,tsvc_2_s3112,fuzzed,460493627.0,465588701.0,1.0,0
llr6-qwen30b-c,qwen30b,c,0,604475,ext_break_post_body,fuzzed,355331801.0,180005404.0,1.0309278350515465,0
llr6-qwen30b-c,qwen30b,c,0,604475,tsvc_2_vtvtv,fuzzed,296987542.0,292485974.0,1.0,0
llr6-qwen30b-c,qwen30b,c,0,604475,tsvc_2_s275,fuzzed,5004645003.0,3610608555.0,1.0,0
llr6-qwen30b-c,qwen30b,c,0,604475,tsvc_2_s323,fuzzed,2835865660.0,571358295.0,4.347826086956522,0
llr6-qwen30b-c,qwen30b,c,0,604475,tsvc_2_s3112,fuzzed,461697923.0,459683321.0,1.0309278350515465,0
llr6-qwen30b-c,qwen30b,c,0,604475,tsvc_2_s235,fuzzed,3484211588.0,355533130.0,12.500000000000007,0
llr6-qwen30b-c,qwen30b,c,0,604475,tsvc_2_s2233,fuzzed,2150221022.0,3533566280.0,1.0,0
llr6-qwen30b-c,qwen30b,c,0,604475,tsvc_2_vtvtv,fuzzed,381208737.0,194644420.0,1.282051282051282,0
llr6-qwen30b-c,qwen30b,c,0,604475,tsvc_2_s323,fuzzed,1410570324.0,371560757.0,3.7037037037037033,0
llr6-qwen30b-c,qwen30b,c,0,604475,tsvc_2_vtvtv,fuzzed,98040640.0,193627472.0,1.0,0
llr6-qwen30b-c,qwen30b,c,0,604475,tsvc_2_s2233,fuzzed,2189932670.0,1091868738.0,2.0,0
llr6-qwen30b-c,qwen30b,c,0,604475,tsvc_2_s2233,fuzzed,1056014898.0,1094279613.0,1.0,0
llr6-qwen30b-c,qwen30b,c,0,604475,tsvc_2_vtvtv,fuzzed,280594002.0,188060435.0,1.0309278350515465,0
llr6-qwen30b-c,qwen30b,c,0,604475,tsvc_2_vtvtv,fuzzed,97878202.0,97515310.0,1.0,0
llr6-qwen30b-c,qwen30b,c,0,604475,tsvc_2_vtvtv,fuzzed,97661248.0,97694767.0,1.0,0
llr6-qwen30b-c,qwen30b,c,0,604475,tsvc_2_vtvtv,fuzzed,98199493.0,97108881.0,1.0,0
llr6-qwen30b-c,qwen30b,c,0,604475,tsvc_2_s1244,fuzzed,393252929.0,503222600.0,1.0,0
llr6-qwen30b-c,qwen30b,c,0,604475,tsvc_2_s252,fuzzed,349719538.0,363434015.0,1.0,0
llr6-qwen30b-c,qwen30b,c,0,604475,quasi_affine_reduce_odd,fuzzed,465047074.0,467110993.0,1.0,0
llr6-qwen30b-c,qwen30b,c,0,604475,tsvc_2_s311,fuzzed,456924193.0,465522615.0,1.0,0
llr6-qwen30b-c,qwen30b,c,0,604475,tsvc_2_s252,fuzzed,245833588.0,350028642.0,1.0,0
llr6-qwen30b-c,qwen30b,c,0,604475,tsvc_2_s1244,fuzzed,392169110.0,524922307.0,1.0,0
llr6-qwen30b-c,qwen30b,c,0,604475,quasi_affine_reduce_odd,fuzzed,457556390.0,285695410.0,1.6129032258064517,0
llr6-qwen30b-c,qwen30b,c,0,604475,tsvc_2_s311,fuzzed,460990575.0,451147398.0,1.492537313432836,0
llr6-qwen30b-c,qwen30b,c,0,604475,tsvc_2_s252,fuzzed,243473504.0,357698897.0,1.0,0
llr6-qwen30b-c,qwen30b,c,0,604475,wavefront2d,fuzzed,2922797303.0,2325083894.0,1.4492753623188408,0
llr6-qwen30b-c,qwen30b,c,0,604475,quasi_affine_reduce_odd,fuzzed,680772781.0,271253991.0,2.380952380952381,0
llr6-qwen30b-c,qwen30b,c,0,604475,tsvc_2_s1244,fuzzed,519286590.0,379765873.0,1.0,0
llr6-qwen30b-c,qwen30b,c,0,604475,wavefront2d,fuzzed,1157128256.0,1157096047.0,1.9607843137254901,0
llr6-qwen30b-c,qwen30b,c,0,604475,quasi_affine_reduce_odd,fuzzed,231104795.0,141796237.0,3.225806451612904,0
llr6-qwen30b-c,qwen30b,c,0,604475,wavefront2d,fuzzed,1157019894.0,1156984429.0,1.0,0
llr6-qwen30b-c,qwen30b,c,0,604475,quasi_affine_reduce_odd,fuzzed,456027211.0,198952896.0,1.6129032258064517,0
llr6-qwen30b-c,qwen30b,c,0,604475,wavefront2d,fuzzed,1156781029.0,1157016826.0,1.0,0
llr6-qwen30b-c,qwen30b,c,0,604475,quasi_affine_reduce_odd,fuzzed,230545210.0,141360884.0,1.6129032258064517,0
llr6-qwen30b-c,qwen30b,c,0,604475,quasi_affine_reduce_odd,fuzzed,238970972.0,146598859.0,1.6129032258064517,0
llr6-qwen30b-c,qwen30b,c,0,604475,quasi_affine_reduce_odd,fuzzed,230587577.0,141481632.0,1.6129032258064517,0
llr6-qwen30b-c,qwen30b,c,0,604475,quasi_affine_reduce_odd,fuzzed,230625677.0,141448366.0,1.6129032258064517,0
llr6-qwen30b-c,qwen30b,c,0,604475,quasi_affine_reduce_odd,fuzzed,230588724.0,141589701.0,1.6129032258064517,0
llr6-qwen30b-c,qwen30b,c,0,604475,quasi_affine_reduce_odd,fuzzed,230629294.0,141156000.0,1.6129032258064517,0
llr6-qwen30b-c,qwen30b,c,0,604475,quasi_affine_reduce_odd,fuzzed,230689702.0,141609951.0,1.6129032258064517,0
llr6-qwen30b-c,qwen30b,c,0,604475,quasi_affine_reduce_odd,fuzzed,230858385.0,141609038.0,1.6129032258064517,0
llr6-qwen30b-c,qwen30b,c,0,604475,quasi_affine_reduce_odd,fuzzed,231010014.0,141164935.0,1.6129032258064517,0
llr6-qwen30b-c,qwen30b,c,0,604475,ext_break_capture,fuzzed,120529816.0,140331122.0,1.0,0
llr6-qwen30b-c,qwen30b,c,0,604475,fuse_diamond,fuzzed,967473232.0,150965575.0,7.142857142857142,0
llr6-qwen30b-c,qwen30b,c,0,604475,tsvc_2_s115,fuzzed,266780257.0,403055234.0,1.0,0
llr6-qwen30b-c,qwen30b,c,0,604475,ext_break_capture,fuzzed,361734833.0,141192423.0,1.3333333333333333,0
llr6-qwen30b-c,qwen30b,c,0,604475,fuse_diamond,fuzzed,2893380790.0,150492270.0,12.500000000000007,0
llr6-qwen30b-c,qwen30b,c,0,604475,tsvc_2_s231,fuzzed,3323055200.0,3391626829.0,1.0,0
llr6-qwen30b-c,qwen30b,c,0,604475,tsvc_2_s115,fuzzed,386382023.0,137833479.0,1.492537313432836,0
llr6-qwen30b-c,qwen30b,c,0,604475,fuse_diamond,fuzzed,956057281.0,75505575.0,12.500000000000007,0
llr6-qwen30b-c,qwen30b,c,0,604475,tsvc_2_s231,fuzzed,1636634929.0,1636064619.0,1.0,0
llr6-qwen30b-c,qwen30b,c,0,604475,fuse_diamond,fuzzed,1928197341.0,150323260.0,12.500000000000007,0
llr6-qwen30b-c,qwen30b,c,0,604475,tsvc_2_s115,fuzzed,267178725.0,266586771.0,1.0,0
llr6-qwen30b-c,qwen30b,c,0,604475,fuse_diamond,fuzzed,951988734.0,75966064.0,12.500000000000007,0
llr6-qwen30b-c,qwen30b,c,0,604475,fuse_diamond,fuzzed,955256132.0,122284218.0,7.692307692307692,0
llr6-qwen30b-c,qwen30b,c,0,604475,fuse_diamond,fuzzed,959188465.0,277101299.0,5.263157894736843,0
llr6-qwen30b-c,qwen30b,c,0,604475,fuse_diamond,fuzzed,3136144638.0,144274902.0,16.666666666666682,0
llr6-qwen30b-c,qwen30b,c,0,604475,tsvc_2_s255,fuzzed,266458675.0,269331172.0,1.0,0
llr6-qwen30b-c,qwen30b,c,0,604475,tsvc_2_s318,fuzzed,814592884.0,1550741980.0,1.0,0
llr6-qwen30b-c,qwen30b,c,0,604475,tsvc_2_s115,fuzzed,399838570.0,515631398.0,1.0,0
llr6-qwen30b-c,qwen30b,c,0,604475,tsvc_2_s3110,fuzzed,699680695.0,668357273.0,1.0,0
llr6-qwen30b-c,qwen30b,c,0,604475,tsvc_2_s13110,fuzzed,1377647996.0,1046139434.0,1.0,0
llr6-qwen30b-c,qwen30b,c,0,604475,fuse_diamond,fuzzed,1894661351.0,288751882.0,8.333333333333334,0
llr6-qwen30b-c,qwen30b,c,0,604475,tsvc_2_s3110,fuzzed,698586611.0,999655259.0,1.0,0
llr6-qwen30b-c,qwen30b,c,0,604475,tsvc_2_s255,fuzzed,400771336.0,358714074.0,1.0752688172043012,0
llr6-qwen30b-c,qwen30b,c,0,604475,tsvc_2_s13110,fuzzed,1033697209.0,648800482.0,1.4705882352941178,0
llr6-qwen30b-c,qwen30b,c,0,604475,fuse_diamond,fuzzed,3075910382.0,74924281.0,33.33333333333331,0
llr6-qwen30b-c,qwen30b,c,0,604475,tsvc_2_s255,fuzzed,133750322.0,266950217.0,1.0,0
llr6-qwen30b-c,qwen30b,c,0,604475,tsvc_2_s13110,fuzzed,1385338551.0,1052086496.0,1.0309278350515465,0
llr6-qwen30b-c,qwen30b,c,0,604475,tsvc_2_s115,fuzzed,527298875.0,439002621.0,1.0,0
llr6-qwen30b-c,qwen30b,c,0,604475,fuse_diamond,fuzzed,2231860587.0,150730679.0,11.111111111111114,0
llr6-qwen30b-c,qwen30b,c,0,604475,tsvc_2_s3110,fuzzed,699690079.0,346955161.0,1.1764705882352942,0
llr6-qwen30b-c,qwen30b,c,0,604475,tsvc_2_s13110,fuzzed,700481897.0,696745751.0,1.0,0
llr6-qwen30b-c,qwen30b,c,0,604475,tsvc_2_s255,fuzzed,134144794.0,396568603.0,1.0,0
llr6-qwen30b-c,qwen30b,c,0,604475,fuse_diamond,fuzzed,949898263.0,74507541.0,12.500000000000007,0
llr6-qwen30b-c,qwen30b,c,0,604475,fuse_diamond,fuzzed,955004930.0,74557177.0,12.500000000000007,0
llr6-qwen30b-c,qwen30b,c,0,604475,fuse_diamond,fuzzed,946239040.0,74568754.0,11.111111111111114,0
llr6-qwen30b-c,qwen30b,c,0,604475,fuse_diamond,fuzzed,946781131.0,74621664.0,12.500000000000007,0
llr6-qwen30b-c,qwen30b,c,0,604475,fuse_diamond,fuzzed,946950233.0,74503225.0,12.500000000000007,0
llr6-qwen30b-c,qwen30b,c,0,604475,fuse_diamond,fuzzed,947520740.0,74760942.0,11.111111111111114,0
llr6-qwen30b-c,qwen30b,c,0,604475,fuse_diamond,fuzzed,946566406.0,74582086.0,12.500000000000007,0
llr6-qwen30b-c,qwen30b,c,0,604475,fuse_diamond,fuzzed,945476027.0,74436985.0,12.500000000000007,0
llr6-qwen30b-c,qwen30b,c,0,604475,fuse_diamond,fuzzed,947539380.0,74395804.0,12.500000000000007,0
llr6-qwen30b-c,qwen30b,c,0,604475,fuse_diamond,fuzzed,947447294.0,74647013.0,12.500000000000007,0
llr6-qwen30b-c,qwen30b,c,0,604475,tsvc_2_vag,fuzzed,1086961589.0,2286672079.0,1.0,0
llr6-qwen30b-c,qwen30b,c,0,604475,fuse_diamond,fuzzed,959035365.0,138334026.0,6.249999999999999,0
llr6-qwen30b-c,qwen30b,c,0,604475,tsvc_2_vag,fuzzed,1073903028.0,2319331395.0,1.0,0
llr6-qwen30b-c,qwen30b,c,0,604475,tsvc_2_s255,fuzzed,252425918.0,272027407.0,1.0,0
llr6-qwen30b-c,qwen30b,c,0,604475,fuse_diamond,fuzzed,2878784096.0,287016767.0,9.090909090909092,0
llr6-qwen30b-c,qwen30b,c,0,604475,tsvc_2_s255,fuzzed,135914434.0,267053180.0,1.0,0
llr6-qwen30b-c,qwen30b,c,0,604475,tsvc_2_vag,fuzzed,2709062250.0,2184862193.0,1.0,0
llr6-qwen30b-c,qwen30b,c,0,604475,tsvc_2_s255,fuzzed,135521367.0,136986235.0,1.0,0
llr6-qwen30b-c,qwen30b,c,0,604475,tsvc_2_s2710,fuzzed,1874917734.0,1155625729.0,1.1764705882352942,0
llr6-qwen30b-c,qwen30b,c,0,604475,tsvc_2_vpvts,fuzzed,314424437.0,207221043.0,1.282051282051282,0
llr6-qwen30b-c,qwen30b,c,0,604475,tsvc_2_s152,fuzzed,365051355.0,385452477.0,1.0,0
llr6-qwen30b-c,qwen30b,c,0,604475,tsvc_2_s119,fuzzed,487296759.0,639437084.0,1.0,0
llr6-qwen30b-c,qwen30b,c,0,604475,tsvc_2_s2710,fuzzed,1947127406.0,1166068381.0,1.639344262295082,0
llr6-qwen30b-c,qwen30b,c,0,604475,fuse_move_ifs,fuzzed,545725366.0,245067238.0,1.4285714285714286,0
llr6-qwen30b-c,qwen30b,c,0,604475,tsvc_2_vpvts,fuzzed,205421839.0,206067256.0,1.0,0
llr6-qwen30b-c,qwen30b,c,0,604475,tsvc_2_s152,fuzzed,450612205.0,450844216.0,1.0,0
llr6-qwen30b-c,qwen30b,c,0,604475,tsvc_2_s119,fuzzed,325130449.0,322476079.0,1.0,0
llr6-qwen30b-c,qwen30b,c,0,604475,tsvc_2_s233,fuzzed,2138392904.0,422091573.0,5.263157894736843,0
llr6-qwen30b-c,qwen30b,c,0,604475,ext_break_find_first,fuzzed,104736784.0,100598695.0,1.0,0
llr6-qwen30b-c,qwen30b,c,0,604475,tsvc_2_s2710,fuzzed,2821174840.0,1168124388.0,2.173913043478261,0
llr6-qwen30b-c,qwen30b,c,0,604475,tsvc_2_s119,fuzzed,327732360.0,329143275.0,1.4705882352941178,0
llr6-qwen30b-c,qwen30b,c,0,604475,tsvc_2_s233,fuzzed,3321982661.0,424145696.0,7.142857142857142,0
llr6-qwen30b-c,qwen30b,c,0,604475,tsvc_2_s152,fuzzed,369853183.0,254930445.0,1.0,0
llr6-qwen30b-c,qwen30b,c,0,604475,ext_break_find_first,fuzzed,102877554.0,97908828.0,1.4084507042253522,0
llr6-qwen30b-c,qwen30b,c,0,604475,fuse_move_ifs,fuzzed,271994073.0,236349114.0,1.0309278350515465,0
llr6-qwen30b-c,qwen30b,c,0,604475,tsvc_2_s119,fuzzed,320464042.0,160582720.0,1.0204081632653061,0
llr6-qwen30b-c,qwen30b,c,0,604475,ext_break_find_first,fuzzed,52712269.0,56797581.0,1.0,0
llr6-qwen30b-c,qwen30b,c,0,604475,ext_break_find_first,fuzzed,156748269.0,101104905.0,1.5873015873015872,0
llr6-qwen30b-c,qwen30b,c,0,604475,tsvc_2_s3111,fuzzed,923936955.0,249741680.0,2.2222222222222223,0
llr6-qwen30b-c,qwen30b,c,0,604475,tsvc_2_s319,fuzzed,1406292472.0,100037917.0,12.500000000000007,0
llr6-qwen30b-c,qwen30b,c,0,604475,tsvc_2_s3111,fuzzed,943225426.0,247031096.0,3.7037037037037033,0
llr6-qwen30b-c,qwen30b,c,0,604475,tsvc_2_s152,fuzzed,256998076.0,390827863.0,1.0,0
llr6-qwen30b-c,qwen30b,c,0,604475,tsvc_2_s2710,fuzzed,2144761916.0,1020202974.0,4.0,0
llr6-qwen30b-c,qwen30b,c,0,604475,ext_break_find_first,fuzzed,112108964.0,101320745.0,1.0204081632653061,0
llr6-qwen30b-c,qwen30b,c,0,604475,tsvc_2_s119,fuzzed,323495439.0,161753576.0,2.857142857142857,0
llr6-qwen30b-c,qwen30b,c,0,604475,tsvc_2_s152,fuzzed,129488409.0,310810999.0,1.0,0
llr6-qwen30b-c,qwen30b,c,0,604475,ext_break_find_first,fuzzed,90630951.0,106382175.0,1.0,0
llr6-qwen30b-c,qwen30b,c,0,604475,tsvc_2_s2710,fuzzed,2142183137.0,497587275.0,4.347826086956522,0
llr6-qwen30b-c,qwen30b,c,0,604475,tsvc_2_s152,fuzzed,255946302.0,619508534.0,1.0,0
llr6-qwen30b-c,qwen30b,c,0,604475,ext_break_find_first,fuzzed,104918734.0,104676180.0,1.0,0
llr6-qwen30b-c,qwen30b,c,0,604475,ext_break_find_first,fuzzed,90453477.0,102636871.0,1.0,0
llr6-qwen30b-c,qwen30b,c,0,604475,tsvc_2_s2710,fuzzed,2136703859.0,948318580.0,2.0833333333333335,0
llr6-qwen30b-c,qwen30b,c,0,604475,ext_break_find_first,fuzzed,98235000.0,101302369.0,1.0,0
llr6-qwen30b-c,qwen30b,c,0,604475,tsvc_2_s2710,fuzzed,2130212544.0,934401205.0,2.0833333333333335,0
llr6-qwen30b-c,qwen30b,c,0,604475,ext_break_find_first,fuzzed,52184972.0,52140351.0,1.0,0
llr6-qwen30b-c,qwen30b,c,0,604475,ext_break_find_first,fuzzed,52482444.0,52290692.0,1.0,0
llr6-qwen30b-c,qwen30b,c,0,604475,ext_break_find_first,fuzzed,55368793.0,52756076.0,1.0416666666666667,0
llr6-qwen30b-c,qwen30b,c,0,604475,ext_break_find_first,fuzzed,52083148.0,52308255.0,1.0,0
llr6-qwen30b-c,qwen30b,c,0,604475,ext_break_find_first,fuzzed,52159024.0,52167596.0,1.0,0
llr6-qwen30b-c,qwen30b,c,0,604475,ext_break_find_first,fuzzed,52446634.0,52084652.0,1.0,0
llr6-qwen30b-c,qwen30b,c,0,604475,ext_break_find_first,fuzzed,52038054.0,51941858.0,1.0,0
llr6-qwen30b-c,qwen30b,c,0,604475,ext_break_find_first,fuzzed,52416937.0,51700002.0,1.0,0
llr6-qwen30b-c,qwen30b,c,0,604475,ext_break_find_first,fuzzed,52179128.0,52455429.0,1.0,0
llr6-qwen30b-c,qwen30b,c,0,604475,tsvc_2_s152,fuzzed,512907389.0,407493553.0,1.0,0
llr6-qwen30b-c,qwen30b,c,0,604475,tsvc_2_vpvts,fuzzed,209326447.0,412183797.0,1.0,0
llr6-qwen30b-c,qwen30b,c,0,604475,tsvc_2_s319,fuzzed,5674268792.0,201539879.0,14.285714285714295,0
llr6-qwen30b-c,qwen30b,c,0,604475,fuse_move_ifs,fuzzed,414406246.0,275458569.0,1.0,0
llr6-qwen30b-c,qwen30b,c,0,604475,tsvc_2_s3111,fuzzed,948329664.0,1888339298.0,1.0,0
llr6-qwen30b-c,qwen30b,c,0,604475,tsvc_2_s119,fuzzed,326485294.0,327476790.0,1.0,0
llr6-qwen30b-c,qwen30b,c,0,604475,tsvc_2_s2710,fuzzed,3760985716.0,943112785.0,3.333333333333334,0
llr6-qwen30b-c,qwen30b,c,0,604475,tsvc_2_vpvts,fuzzed,308494771.0,242923833.0,1.0,0
llr6-qwen30b-c,qwen30b,c,0,604475,tsvc_2_s319,fuzzed,4280091337.0,259896218.0,16.666666666666682,0
llr6-qwen30b-c,qwen30b,c,0,604475,tsvc_2_s3111,fuzzed,1418818712.0,943354415.0,1.0526315789473684,0
llr6-qwen30b-c,qwen30b,c,0,604475,fuse_move_ifs,fuzzed,275842412.0,406350355.0,1.0,0
llr6-qwen30b-c,qwen30b,c,0,604475,tsvc_2_s119,fuzzed,321937715.0,487120192.0,1.0,0
llr6-qwen30b-c,qwen30b,c,0,604475,tsvc_2_s2710,fuzzed,3334144483.0,538942888.0,5.555555555555557,0
llr6-qwen30b-c,qwen30b,c,0,604475,fuse_move_ifs,fuzzed,544090765.0,263348674.0,1.9607843137254901,0
llr6-qwen30b-c,qwen30b,c,0,604475,tsvc_2_s119,fuzzed,314424234.0,164177346.0,1.0,0
llr6-qwen30b-c,qwen30b,c,0,604475,tsvc_2_s2710,fuzzed,1070751782.0,256423087.0,7.692307692307692,0
llr6-qwen30b-c,qwen30b,c,0,604475,fuse_move_ifs,fuzzed,140027365.0,138248778.0,1.9607843137254901,0
llr6-qwen30b-c,qwen30b,c,0,604475,tsvc_2_s2710,fuzzed,1069969861.0,256643464.0,4.0,0
llr6-qwen30b-c,qwen30b,c,0,604475,tsvc_2_s2710,fuzzed,1070720836.0,256597344.0,4.0,0
llr6-qwen30b-c,qwen30b,c,0,604475,tsvc_2_vtvtv,fuzzed,290186854.0,283985119.0,1.0,0
llr6-qwen30b-c,qwen30b,c,0,604475,tsvc_2_s235,fuzzed,3654355328.0,199718931.0,11.111111111111114,0
llr6-qwen30b-c,qwen30b,c,0,604475,tsvc_2_vtvtv,fuzzed,298641942.0,360098454.0,1.0,0
llr6-qwen30b-c,qwen30b,c,0,604475,tsvc_2_s323,fuzzed,569639092.0,375073639.0,1.492537313432836,0
llr6-qwen30b-c,qwen30b,c,0,604475,fuse_stencil_through_transient,fuzzed,1216406569.0,381839035.0,4.166666666666667,0
llr6-qwen30b-c,qwen30b,c,0,604475,tsvc_2_s235,fuzzed,2476406372.0,202338680.0,14.285714285714295,0
llr6-qwen30b-c,qwen30b,c,0,604475,tsvc_2_s323,fuzzed,379202308.0,380580629.0,1.492537313432836,0
llr6-qwen30b-c,qwen30b,c,0,604475,ext_break_post_body,fuzzed,182084669.0,347198283.0,1.0,0
llr6-qwen30b-c,qwen30b,c,0,604475,fuse_stencil_through_transient,fuzzed,1104488194.0,384684778.0,2.857142857142857,0
llr6-qwen30b-c,qwen30b,c,0,604475,tsvc_2_s323,fuzzed,377744830.0,568318780.0,1.0,0
llr6-qwen30b-c,qwen30b,c,0,604475,fuse_stencil_through_transient,fuzzed,946918999.0,392639602.0,2.5,0
llr6-qwen30b-c,qwen30b,c,0,604475,tsvc_2_s323,fuzzed,599003480.0,567288287.0,1.3333333333333333,0
llr6-qwen30b-c,qwen30b,c,0,604475,tsvc_2_s275,fuzzed,3518930425.0,1782546273.0,2.173913043478261,0
llr6-qwen30b-c-skills,qwen30b,c,1,604476,quasi_affine_reduce_odd,fuzzed,464047551.0,103956515.0,6.666666666666666,0
llr6-qwen30b-c-skills,qwen30b,c,1,604476,tsvc_2_s316,fuzzed,307520862.0,308392026.0,1.0101010101010102,0
llr6-qwen30b-c-skills,qwen30b,c,1,604476,quasi_affine_reduce_odd,fuzzed,416891298.0,394230168.0,1.0752688172043012,0
llr6-qwen30b-c-skills,qwen30b,c,1,604476,tsvc_2_s311,fuzzed,229379542.0,230204982.0,1.0,0
llr6-qwen30b-c-skills,qwen30b,c,1,604476,tsvc_2_s316,fuzzed,615660457.0,308510016.0,2.3255813953488373,0
llr6-qwen30b-c-skills,qwen30b,c,1,604476,tsvc_2_s316,fuzzed,307926846.0,610073911.0,1.0,0
llr6-qwen30b-c-skills,qwen30b,c,1,604476,tsvc_2_s252,fuzzed,246138673.0,364182135.0,1.0,0
llr6-qwen30b-c-skills,qwen30b,c,1,604476,tsvc_2_s311,fuzzed,454329129.0,680144106.0,1.0,0
llr6-qwen30b-c-skills,qwen30b,c,1,604476,tsvc_2_s316,fuzzed,616594336.0,307459404.0,1.5151515151515154,0
llr6-qwen30b-c-skills,qwen30b,c,1,604476,tsvc_2_s252,fuzzed,123222153.0,235671181.0,1.0,0
llr6-qwen30b-c-skills,qwen30b,c,1,604476,tsvc_2_s316,fuzzed,611044747.0,609953638.0,1.0,0
llr6-qwen30b-c-skills,qwen30b,c,1,604476,tsvc_2_s311,fuzzed,229011926.0,229138752.0,1.0,0
llr6-qwen30b-c-skills,qwen30b,c,1,604476,tsvc_2_s2275,fuzzed,1173351678.0,2761262746.0,1.0,0
llr6-qwen30b-c-skills,qwen30b,c,1,604476,tsvc_2_s316,fuzzed,925845494.0,619707223.0,1.0,0
llr6-qwen30b-c-skills,qwen30b,c,1,604476,tsvc_2_s252,fuzzed,244232408.0,246437417.0,1.0,0
llr6-qwen30b-c-skills,qwen30b,c,1,604476,tsvc_2_s311,fuzzed,229799767.0,229239880.0,1.0,0
llr6-qwen30b-c-skills,qwen30b,c,1,604476,tsvc_2_s2275,fuzzed,1171852378.0,1170981406.0,1.0,0
llr6-qwen30b-c-skills,qwen30b,c,1,604476,tsvc_2_s311,fuzzed,458055937.0,164960703.0,2.0408163265306123,0
llr6-qwen30b-c-skills,qwen30b,c,1,604476,tsvc_2_s316,fuzzed,307702668.0,916901354.0,1.0,0
llr6-qwen30b-c-skills,qwen30b,c,1,604476,tsvc_2_s4112,fuzzed,3272244328.0,2131761257.0,1.7857142857142856,0
llr6-qwen30b-c-skills,qwen30b,c,1,604476,tsvc_2_s316,fuzzed,547161854.0,916569922.0,1.0,0
llr6-qwen30b-c-skills,qwen30b,c,1,604476,tsvc_2_s4112,fuzzed,2195996073.0,1055881294.0,1.0,0
llr6-qwen30b-c-skills,qwen30b,c,1,604476,tsvc_2_s1244,fuzzed,132180743.0,143818252.0,1.0,0
llr6-qwen30b-c-skills,qwen30b,c,1,604476,tsvc_2_s2275,fuzzed,2503604913.0,245316210.0,10.000000000000002,0
llr6-qwen30b-c-skills,qwen30b,c,1,604476,tsvc_2_s4112,fuzzed,3416916016.0,3445197932.0,1.0,0
llr6-qwen30b-c-skills,qwen30b,c,1,604476,tsvc_2_s4112,fuzzed,1054646168.0,1051447489.0,1.0,0
llr6-qwen30b-c-skills,qwen30b,c,1,604476,tsvc_2_s4112,fuzzed,1054636849.0,1047179271.0,1.0,0
llr6-qwen30b-c-skills,qwen30b,c,1,604476,tsvc_2_s1244,fuzzed,133788265.0,133453684.0,1.0,0
llr6-qwen30b-c-skills,qwen30b,c,1,604476,tsvc_2_s4112,fuzzed,2119941206.0,2217449215.0,1.0,0
llr6-qwen30b-c-skills,qwen30b,c,1,604476,wavefront2d,fuzzed,1157519166.0,1157678452.0,1.0,0
llr6-qwen30b-c-skills,qwen30b,c,1,604476,tsvc_2_s4112,fuzzed,1055427819.0,1047508308.0,1.0,0
llr6-qwen30b-c-skills,qwen30b,c,1,604476,tsvc_2_s4112,fuzzed,1055691865.0,1046854086.0,1.0,0
llr6-qwen30b-c-skills,qwen30b,c,1,604476,tsvc_2_s1244,fuzzed,268106715.0,133850726.0,1.282051282051282,0
llr6-qwen30b-c-skills,qwen30b,c,1,604476,wavefront2d,fuzzed,2228983398.0,2306912712.0,1.0,0
llr6-qwen30b-c-skills,qwen30b,c,1,604476,tsvc_2_s4112,fuzzed,2119547627.0,1126217124.0,1.0,0
llr6-qwen30b-c-skills,qwen30b,c,1,604476,tsvc_2_s1244,fuzzed,133628405.0,133472101.0,1.0,0
llr6-qwen30b-c-skills,qwen30b,c,1,604476,tsvc_2_s4112,fuzzed,1054126532.0,1048932750.0,1.0,0
llr6-qwen30b-c-skills,qwen30b,c,1,604476,tsvc_2_s4112,fuzzed,1055281999.0,1048283186.0,1.0,0
llr6-qwen30b-c-skills,qwen30b,c,1,604476,tsvc_2_s1244,fuzzed,131958531.0,133437681.0,1.0,0
llr6-qwen30b-c-skills,qwen30b,c,1,604476,tsvc_2_s4112,fuzzed,1054998908.0,2103429605.0,1.0,0
llr6-qwen30b-c-skills,qwen30b,c,1,604476,tsvc_2_s1244,fuzzed,265346253.0,261463081.0,1.0,0
llr6-qwen30b-c-skills,qwen30b,c,1,604476,tsvc_2_s4112,fuzzed,1056305353.0,1050515829.0,1.0,0
llr6-qwen30b-c-skills,qwen30b,c,1,604476,tsvc_2_s1244,fuzzed,270802092.0,134407404.0,1.0,0
llr6-qwen30b-c-skills,qwen30b,c,1,604476,tsvc_2_s4112,fuzzed,2141003683.0,1049053683.0,2.0408163265306123,0
llr6-qwen30b-c-skills,qwen30b,c,1,604476,tsvc_2_s1244,fuzzed,133592582.0,132767775.0,1.0,0
llr6-qwen30b-c-skills,qwen30b,c,1,604476,tsvc_2_s4112,fuzzed,1055343500.0,1048873378.0,1.0,0
llr6-qwen30b-c-skills,qwen30b,c,1,604476,tsvc_2_s1244,fuzzed,133805007.0,133692256.0,1.0,0
llr6-qwen30b-c-skills,qwen30b,c,1,604476,tsvc_2_s4112,fuzzed,1055544904.0,1047514911.0,1.0,0
llr6-qwen30b-c-skills,qwen30b,c,1,604476,tsvc_2_vtvtv,fuzzed,367372392.0,180126229.0,2.0,0
llr6-qwen30b-c-skills,qwen30b,c,1,604476,ext_break_post_body,fuzzed,278531313.0,177378319.0,1.3333333333333333,0
llr6-qwen30b-c-skills,qwen30b,c,1,604476,tsvc_2_s1232,fuzzed,292283013.0,274217675.0,1.1111111111111112,0
llr6-qwen30b-c-skills,qwen30b,c,1,604476,tsvc_2_vtvtv,fuzzed,295272468.0,197187846.0,1.0989010989010988,0
llr6-qwen30b-c-skills,qwen30b,c,1,604476,tsvc_2_s323,fuzzed,573505080.0,380051863.0,2.0,0
llr6-qwen30b-c-skills,qwen30b,c,1,604476,tsvc_2_s275,fuzzed,3502163244.0,2826636204.0,1.0869565217391304,0
llr6-qwen30b-c-skills,qwen30b,c,1,604476,tsvc_2_vtvtv,fuzzed,97785930.0,184466602.0,1.0,0
llr6-qwen30b-c-skills,qwen30b,c,1,604476,tsvc_2_s1232,fuzzed,290204210.0,291490259.0,1.0638297872340425,0
llr6-qwen30b-c-skills,qwen30b,c,1,604476,tsvc_2_vtvtv,fuzzed,196447306.0,297980654.0,1.0,0
llr6-qwen30b-c-skills,qwen30b,c,1,604476,tsvc_2_s275,fuzzed,4025732741.0,2947541958.0,1.0638297872340425,0
llr6-qwen30b-c-skills,qwen30b,c,1,604476,tsvc_2_s1232,fuzzed,97806520.0,191826253.0,1.0,0
llr6-qwen30b-c-skills,qwen30b,c,1,604476,tsvc_2_s2233,fuzzed,2142980559.0,1104070462.0,1.923076923076923,0
llr6-qwen30b-c-skills,qwen30b,c,1,604476,tsvc_2_s275,fuzzed,3505878699.0,1495359363.0,2.272727272727273,0
llr6-qwen30b-c-skills,qwen30b,c,1,604476,tsvc_2_s3112,fuzzed,463963331.0,234139219.0,2.0,0
llr6-qwen30b-c-skills,qwen30b,c,1,604476,tsvc_2_s323,fuzzed,194973415.0,196105319.0,1.0,0
llr6-qwen30b-c-skills,qwen30b,c,1,604476,tsvc_2_s3112,fuzzed,234982663.0,235258545.0,1.0,0
llr6-qwen30b-c-skills,qwen30b,c,1,604476,tsvc_2_s323,fuzzed,393711297.0,517170451.0,1.25,0
llr6-qwen30b-c-skills,qwen30b,c,1,604476,tsvc_2_s3112,fuzzed,233595510.0,234354800.0,1.0,0
llr6-qwen30b-c-skills,qwen30b,c,1,604476,tsvc_2_s323,fuzzed,194557509.0,377923948.0,1.0204081632653061,0
llr6-qwen30b-c-skills,qwen30b,c,1,604476,tsvc_2_s316,fuzzed,306925667.0,107159251.0,2.7777777777777777,0
llr6-qwen30b-c-skills,qwen30b,c,1,604476,tsvc_2_s316,fuzzed,608736036.0,216083694.0,1.8867924528301885,0
llr6-qwen30b-c-skills,qwen30b,c,1,604476,ext_war_unit,fuzzed,213577198.0,199792956.0,1.1627906976744187,0
llr6-qwen30b-c-skills,qwen30b,c,1,604476,tsvc_2_s316,fuzzed,606946746.0,107308538.0,2.7777777777777777,0
llr6-qwen30b-c-skills,qwen30b,c,1,604476,tsvc_2_s2275,fuzzed,3678677109.0,216722857.0,16.666666666666682,0
llr6-qwen30b-c-skills,qwen30b,c,1,604476,ext_war_unit,fuzzed,213917763.0,341589545.0,1.0,0
llr6-qwen30b-c-skills,qwen30b,c,1,604476,tsvc_2_s4112,fuzzed,3475680073.0,3353881558.0,1.0752688172043012,0
llr6-qwen30b-c-skills,qwen30b,c,1,604476,argmax_with_index,fuzzed,981614149.0,896270570.0,1.0638297872340425,0
llr6-qwen30b-c-skills,qwen30b,c,1,604476,tsvc_2_s2275,fuzzed,2405739782.0,220882279.0,14.285714285714295,0
llr6-qwen30b-c-skills,qwen30b,c,1,604476,ext_war_unit,fuzzed,310679373.0,306601407.0,1.0,0
llr6-qwen30b-c-skills,qwen30b,c,1,604476,tsvc_2_s2275,fuzzed,1175090198.0,76431325.0,14.285714285714295,0
llr6-qwen30b-c-skills,qwen30b,c,1,604476,argmax_with_index,fuzzed,891903159.0,438326466.0,1.9607843137254901,0
llr6-qwen30b-c-skills,qwen30b,c,1,604476,tsvc_2_s2275,fuzzed,1169119048.0,142418480.0,7.142857142857142,0
llr6-qwen30b-c-skills,qwen30b,c,1,604476,argmax_with_index,fuzzed,894276255.0,863188718.0,1.0,0
llr6-qwen30b-c-skills,qwen30b,c,1,604476,tsvc_2_s2275,fuzzed,1168835810.0,76571589.0,14.285714285714295,0
llr6-qwen30b-c-skills,qwen30b,c,1,604476,tsvc_2_s2275,fuzzed,1168233403.0,76655688.0,14.285714285714295,0
llr6-qwen30b-c-skills,qwen30b,c,1,604476,tsvc_2_s2275,fuzzed,1168974676.0,76659380.0,14.285714285714295,0
llr6-qwen30b-c-skills,qwen30b,c,1,604476,tsvc_2_s2275,fuzzed,1168661351.0,76424730.0,14.285714285714295,0
llr6-qwen30b-c-skills,qwen30b,c,1,604476,tsvc_2_s2275,fuzzed,1169411117.0,78986758.0,14.285714285714295,0
llr6-qwen30b-c-skills,qwen30b,c,1,604476,tsvc_2_s2275,fuzzed,1168620165.0,76487541.0,14.285714285714295,0
llr6-qwen30b-c-skills,qwen30b,c,1,604476,tsvc_2_s2275,fuzzed,1168106899.0,76459674.0,14.285714285714295,0
llr6-qwen30b-c-skills,qwen30b,c,1,604476,tsvc_2_s2275,fuzzed,1169494232.0,76853064.0,14.285714285714295,0
llr6-qwen30b-c-skills,qwen30b,c,1,604476,tsvc_2_s2275,fuzzed,1169156449.0,76620013.0,14.285714285714295,0
llr6-qwen30b-c-skills,qwen30b,c,1,604476,tsvc_2_s2275,fuzzed,1168584870.0,76524379.0,14.285714285714295,0
llr6-qwen30b-c-skills,qwen30b,c,1,604476,tsvc_2_s2275,fuzzed,1169699497.0,76729764.0,14.285714285714295,0
llr6-qwen30b-c-skills,qwen30b,c,1,604476,tsvc_2_s2275,fuzzed,1169272075.0,76392034.0,14.285714285714295,0
llr6-qwen30b-c-skills,qwen30b,c,1,604476,tsvc_2_s2275,fuzzed,1170105268.0,76546181.0,14.285714285714295,0
llr6-qwen30b-c-skills,qwen30b,c,1,604476,tsvc_2_s231,fuzzed,1636355973.0,88227262.0,16.666666666666682,0
llr6-qwen30b-c-skills,qwen30b,c,1,604476,tsvc_2_s231,fuzzed,1634221501.0,170240074.0,6.249999999999999,0
llr6-qwen30b-c-skills,qwen30b,c,1,604476,tsvc_2_s318,fuzzed,392072133.0,392076559.0,1.0,0
llr6-qwen30b-c-skills,qwen30b,c,1,604476,tsvc_2_s13110,fuzzed,347052414.0,5289578862.0,1.0,0
llr6-qwen30b-c-skills,qwen30b,c,1,604476,tsvc_2_s255,fuzzed,251080566.0,269429491.0,1.0,0
llr6-qwen30b-c-skills,qwen30b,c,1,604476,tsvc_2_s318,fuzzed,777548651.0,244608029.0,1.8518518518518516,0
llr6-qwen30b-c-skills,qwen30b,c,1,604476,tsvc_2_s13110,fuzzed,626616987.0,346398071.0,2.0,0
llr6-qwen30b-c-skills,qwen30b,c,1,604476,tsvc_2_s255,fuzzed,134928540.0,134385636.0,1.0,0
llr6-qwen30b-c-skills,qwen30b,c,1,604476,tsvc_2_s13110,fuzzed,346831194.0,690250056.0,1.0,0
llr6-qwen30b-c-skills,qwen30b,c,1,604476,tsvc_2_s318,fuzzed,781071854.0,368298972.0,1.8867924528301885,0
llr6-qwen30b-c-skills,qwen30b,c,1,604476,tsvc_2_s318,fuzzed,391610877.0,206911241.0,1.8867924528301885,0
llr6-qwen30b-c-skills,qwen30b,c,1,604476,tsvc_2_s318,fuzzed,391873955.0,207011672.0,1.8867924528301885,0
llr6-qwen30b-c-skills,qwen30b,c,1,604476,tsvc_2_s318,fuzzed,391755924.0,207057113.0,1.8867924528301885,0
llr6-qwen30b-c-skills,qwen30b,c,1,604476,tsvc_2_s318,fuzzed,391966146.0,207056303.0,1.8867924528301885,0
llr6-qwen30b-c-skills,qwen30b,c,1,604476,tsvc_2_s318,fuzzed,394457910.0,206920977.0,1.8867924528301885,0
llr6-qwen30b-c-skills,qwen30b,c,1,604476,tsvc_2_s318,fuzzed,391997992.0,206892967.0,1.8867924528301885,0
llr6-qwen30b-c-skills,qwen30b,c,1,604476,tsvc_2_s318,fuzzed,392038302.0,206888168.0,1.8867924528301885,0
llr6-qwen30b-c-skills,qwen30b,c,1,604476,tsvc_2_s318,fuzzed,392042408.0,207047667.0,1.8867924528301885,0
llr6-qwen30b-c-skills,qwen30b,c,1,604476,tsvc_2_s318,fuzzed,392075859.0,206777077.0,1.8867924528301885,0
llr6-qwen30b-c-skills,qwen30b,c,1,604476,fuse_diamond,fuzzed,1907336493.0,134296779.0,7.142857142857142,0
llr6-qwen30b-c-skills,qwen30b,c,1,604476,tsvc_2_vag,fuzzed,1087375053.0,2198616886.0,1.0,0
llr6-qwen30b-c-skills,qwen30b,c,1,604476,tsvc_2_s255,fuzzed,250870808.0,276414984.0,1.0,0
llr6-qwen30b-c-skills,qwen30b,c,1,604476,tsvc_2_vag,fuzzed,2281454400.0,2225278160.0,1.0,0
llr6-qwen30b-c-skills,qwen30b,c,1,604476,tsvc_2_s231,fuzzed,3213246057.0,3230389541.0,1.0,0
llr6-qwen30b-c-skills,qwen30b,c,1,604476,tsvc_2_s3110,fuzzed,992946956.0,1535001974.0,1.0,0
llr6-qwen30b-c-skills,qwen30b,c,1,604476,tsvc_2_s255,fuzzed,136061218.0,400331157.0,1.0,0
llr6-qwen30b-c-skills,qwen30b,c,1,604476,fuse_diamond,fuzzed,2860262649.0,228498376.0,9.090909090909092,0
llr6-qwen30b-c-skills,qwen30b,c,1,604476,tsvc_2_vag,fuzzed,3539579976.0,2254479246.0,1.0752688172043012,0
llr6-qwen30b-c-skills,qwen30b,c,1,604476,fuse_diamond,fuzzed,2874291336.0,217539569.0,10.000000000000002,0
llr6-qwen30b-c-skills,qwen30b,c,1,604476,tsvc_2_s3110,fuzzed,1048584505.0,1323813915.0,1.0,0
llr6-qwen30b-c-skills,qwen30b,c,1,604476,tsvc_2_s255,fuzzed,135985845.0,269974370.0,1.0,0
llr6-qwen30b-c-skills,qwen30b,c,1,604476,tsvc_2_s231,fuzzed,3141780434.0,3185406209.0,1.0,0
llr6-qwen30b-c-skills,qwen30b,c,1,604476,fuse_diamond,fuzzed,1922294538.0,158514286.0,10.000000000000002,0
llr6-qwen30b-c-skills,qwen30b,c,1,604476,tsvc_2_s3110,fuzzed,1039395208.0,1286533354.0,1.0,0
llr6-qwen30b-c-skills,qwen30b,c,1,604476,tsvc_2_s231,fuzzed,3989380992.0,4841605720.0,1.0,0
llr6-qwen30b-c-skills,qwen30b,c,1,604476,tsvc_2_s255,fuzzed,265283855.0,134671754.0,2.0,0
llr6-qwen30b-c-skills,qwen30b,c,1,604476,fuse_diamond,fuzzed,969239023.0,75130707.0,6.249999999999999,0
llr6-qwen30b-c-skills,qwen30b,c,1,604476,tsvc_2_s231,fuzzed,1728950001.0,266972234.0,8.333333333333334,0
llr6-qwen30b-c-skills,qwen30b,c,1,604476,tsvc_2_s318,fuzzed,783522443.0,392338153.0,2.0,0
llr6-qwen30b-c-skills,qwen30b,c,1,604476,tsvc_2_s115,fuzzed,135016591.0,135428903.0,1.1111111111111112,0
llr6-qwen30b-c-skills,qwen30b,c,1,604476,tsvc_2_s318,fuzzed,392211112.0,779466647.0,1.0,0
llr6-qwen30b-c-skills,qwen30b,c,1,604476,tsvc_2_s115,fuzzed,133322989.0,275747549.0,1.0,0
llr6-qwen30b-c-skills,qwen30b,c,1,604476,tsvc_2_s3110,fuzzed,639168353.0,330382928.0,1.0526315789473684,0
llr6-qwen30b-c-skills,qwen30b,c,1,604476,tsvc_2_s115,fuzzed,133683979.0,135759542.0,1.0,0
llr6-qwen30b-c-skills,qwen30b,c,1,604476,tsvc_2_s115,fuzzed,134836491.0,136106459.0,1.0,0
llr6-qwen30b-c-skills,qwen30b,c,1,604476,tsvc_2_s255,fuzzed,135169068.0,258236003.0,1.0,0
llr6-qwen30b-c-skills,qwen30b,c,1,604476,tsvc_2_s115,fuzzed,231226073.0,266524660.0,1.0,0
llr6-qwen30b-c-skills,qwen30b,c,1,604476,tsvc_2_s115,fuzzed,132961308.0,135048681.0,1.0526315789473684,0
llr6-qwen30b-c-skills,qwen30b,c,1,604476,tsvc_2_s255,fuzzed,135270061.0,134919094.0,1.0,0
llr6-qwen30b-c-skills,qwen30b,c,1,604476,tsvc_2_s115,fuzzed,262223068.0,135244835.0,2.0,0
llr6-qwen30b-c-skills,qwen30b,c,1,604476,tsvc_2_s115,fuzzed,133591908.0,135598251.0,1.0,0
llr6-qwen30b-c-skills,qwen30b,c,1,604476,tsvc_2_s115,fuzzed,134203884.0,135712265.0,1.0,0
llr6-qwen30b-c-skills,qwen30b,c,1,604476,tsvc_2_s3111,fuzzed,1883143766.0,244817976.0,3.846153846153846,0
llr6-qwen30b-c-skills,qwen30b,c,1,604476,tsvc_2_vpvts,fuzzed,297068518.0,319503946.0,1.0,0
llr6-qwen30b-c-skills,qwen30b,c,1,604476,tsvc_2_s2710,fuzzed,2040645039.0,1068605670.0,2.7027027027027026,0
llr6-qwen30b-c-skills,qwen30b,c,1,604476,fuse_move_ifs,fuzzed,280142766.0,415765891.0,1.0,0
llr6-qwen30b-c-skills,qwen30b,c,1,604476,tsvc_2_s152,fuzzed,517998204.0,382872127.0,1.0526315789473684,0
llr6-qwen30b-c-skills,qwen30b,c,1,604476,tsvc_2_s319,fuzzed,376346207.0,1135370702.0,1.0,0
llr6-qwen30b-c-skills,qwen30b,c,1,604476,tsvc_2_vpvts,fuzzed,209826658.0,208246462.0,1.0,0
llr6-qwen30b-c-skills,qwen30b,c,1,604476,tsvc_2_s2710,fuzzed,2825155945.0,1078156397.0,2.5,0
llr6-qwen30b-c-skills,qwen30b,c,1,604476,fuse_move_ifs,fuzzed,272537400.0,415474437.0,1.0,0
llr6-qwen30b-c-skills,qwen30b,c,1,604476,tsvc_2_s119,fuzzed,323636744.0,327756787.0,1.0,0
llr6-qwen30b-c-skills,qwen30b,c,1,604476,tsvc_2_s319,fuzzed,755389746.0,1136178339.0,1.0,0
llr6-qwen30b-c-skills,qwen30b,c,1,604476,tsvc_2_vpvts,fuzzed,213247689.0,208320014.0,1.0638297872340425,0
llr6-qwen30b-c-skills,qwen30b,c,1,604476,fuse_move_ifs,fuzzed,273935221.0,408492249.0,1.0,0
llr6-qwen30b-c-skills,qwen30b,c,1,604476,tsvc_2_vpvts,fuzzed,298924148.0,208241748.0,1.0101010101010102,0
llr6-qwen30b-c-skills,qwen30b,c,1,604476,tsvc_2_s233,fuzzed,2100262272.0,1998262238.0,1.0,0
llr6-qwen30b-c-skills,qwen30b,c,1,604476,tsvc_2_s319,fuzzed,567332036.0,998743854.0,1.0,0
llr6-qwen30b-c-skills,qwen30b,c,1,604476,tsvc_2_s319,fuzzed,188052647.0,997407975.0,1.0,0
llr6-qwen30b-c-skills,qwen30b,c,1,604476,tsvc_2_s233,fuzzed,2103462833.0,1998029093.0,1.0204081632653061,0
llr6-qwen30b-c-skills,qwen30b,c,1,604476,tsvc_2_s319,fuzzed,188351324.0,995650073.0,1.0,0
llr6-qwen30b-c-skills,qwen30b,c,1,604476,tsvc_2_s233,fuzzed,2113235355.0,2028318544.0,1.0204081632653061,0
llr6-qwen30b-c-skills,qwen30b,c,1,604476,tsvc_2_s152,fuzzed,404038867.0,458175868.0,1.0,0
llr6-qwen30b-c-skills,qwen30b,c,1,604476,tsvc_2_s3111,fuzzed,1419042171.0,238501197.0,3.846153846153846,0
llr6-qwen30b-c-skills,qwen30b,c,1,604476,ext_break_find_first,fuzzed,149653246.0,112046683.0,1.0,0
llr6-qwen30b-c-skills,qwen30b,c,1,604476,tsvc_2_vpvts,fuzzed,418342435.0,210753270.0,1.3157894736842106,0
llr6-qwen30b-c-skills,qwen30b,c,1,604476,tsvc_2_s152,fuzzed,260503042.0,1239338805.0,1.0,0
llr6-qwen30b-c-skills,qwen30b,c,1,604476,tsvc_2_s319,fuzzed,763627583.0,1582790805.0,1.0,0
llr6-qwen30b-c-skills,qwen30b,c,1,604476,tsvc_2_s119,fuzzed,322290124.0,483496649.0,1.0,0
llr6-qwen30b-c-skills,qwen30b,c,1,604476,tsvc_2_s233,fuzzed,3336436521.0,2345754470.0,1.0,0
llr6-qwen30b-c-skills,qwen30b,c,1,604476,tsvc_2_s2710,fuzzed,2810329819.0,1164720583.0,1.9607843137254901,0
llr6-qwen30b-c-skills,qwen30b,c,1,604476,tsvc_2_s152,fuzzed,513906734.0,925781433.0,1.0,0
llr6-qwen30b-c-skills,qwen30b,c,1,604476,ext_break_find_first,fuzzed,107009594.0,102790483.0,1.0,0
llr6-qwen30b-c-skills,qwen30b,c,1,604476,tsvc_2_vpvts,fuzzed,315022421.0,209034017.0,1.0,0
llr6-qwen30b-c-skills,qwen30b,c,1,604476,tsvc_2_s152,fuzzed,391153495.0,624801211.0,1.0,0
llr6-qwen30b-c-skills,qwen30b,c,1,604476,tsvc_2_s233,fuzzed,2168746123.0,1460497373.0,1.3513513513513513,0
llr6-qwen30b-c-skills,qwen30b,c,1,604476,tsvc_2_s119,fuzzed,325003159.0,321418518.0,1.0,0
llr6-qwen30b-c-skills,qwen30b,c,1,604476,ext_break_find_first,fuzzed,104134543.0,164533570.0,1.0,0
llr6-qwen30b-c-skills,qwen30b,c,1,604476,tsvc_2_s319,fuzzed,591003266.0,1106957542.0,1.0,0
llr6-qwen30b-c-skills,qwen30b,c,1,604476,tsvc_2_s2710,fuzzed,1879136614.0,1155900285.0,2.127659574468085,0
llr6-qwen30b-c-skills,qwen30b,c,1,604476,tsvc_2_vpvts,fuzzed,207574584.0,210638225.0,1.0,0
llr6-qwen30b-c-skills,qwen30b,c,1,604476,tsvc_2_s119,fuzzed,470582390.0,316496427.0,1.2048192771084338,0
llr6-qwen30b-c-skills,qwen30b,c,1,604476,tsvc_2_vpvts,fuzzed,146901832.0,208890423.0,1.0,0
llr6-qwen30b-c-skills,qwen30b,c,1,604476,tsvc_2_s119,fuzzed,319671410.0,311590980.0,1.0,0
llr6-qwen30b-c-skills,qwen30b,c,1,604476,tsvc_2_s119,fuzzed,162810118.0,163371483.0,1.0,0
llr6-qwen30b-c-skills,qwen30b,c,1,604476,tsvc_2_vpvts,fuzzed,105425619.0,104445666.0,1.0,0
llr6-qwen30b-c-skills,qwen30b,c,1,604476,tsvc_2_s119,fuzzed,162706697.0,163035414.0,1.0,0
llr6-qwen30b-c-skills,qwen30b,c,1,604476,tsvc_2_s3111,fuzzed,471009630.0,134031418.0,3.333333333333334,0
llr6-qwen30b-c-skills,qwen30b,c,1,604476,tsvc_2_s319,fuzzed,187083282.0,415235963.0,1.0,0
llr6-qwen30b-c-skills,qwen30b,c,1,604476,fuse_move_ifs,fuzzed,268600465.0,246128752.0,1.0,0
llr6-qwen30b-c-skills,qwen30b,c,1,604476,tsvc_2_s319,fuzzed,187373036.0,239817379.0,1.0,0
llr6-qwen30b-c-skills,qwen30b,c,1,604476,fuse_move_ifs,fuzzed,138754815.0,139646880.0,1.0,0
llr6-qwen30b-c-skills,qwen30b,c,1,604476,tsvc_2_s319,fuzzed,374063342.0,238931809.0,1.4285714285714286,0
llr6-qwen30b-c-skills,qwen30b,c,1,604476,fuse_stencil_through_transient,fuzzed,552254645.0,130268384.0,4.166666666666667,0
llr6-qwen30b-c-skills,qwen30b,c,1,604476,fuse_stencil_through_transient,fuzzed,1097289846.0,131064421.0,8.333333333333334,0
llr6-qwen30b-c-skills,qwen30b,c,1,604476,tsvc_2_s235,fuzzed,1173294996.0,94829181.0,20.00000000000003,0
llr6-qwen30b-c-skills,qwen30b,c,1,604476,ext_break_post_body,fuzzed,89937883.0,90374216.0,1.0,0
llr6-qwen30b-c-skills,qwen30b,c,1,604476,tsvc_2_s235,fuzzed,1171942486.0,94860863.0,12.500000000000007,0
llr6-qwen30b-c-skills,qwen30b,c,1,604476,ext_break_post_body,fuzzed,90683586.0,176097963.0,1.0,0
llr6-qwen30b-c-skills,qwen30b,c,1,604476,tsvc_2_s235,fuzzed,2332705991.0,186839083.0,12.500000000000007,0
llr6-qwen30b-c-skills,qwen30b,c,1,604476,tsvc_2_s2233,fuzzed,2151198195.0,2150368315.0,1.0,0
llr6-qwen30b-c-skills,qwen30b,c,1,604476,ext_break_post_body,fuzzed,90756030.0,90198253.0,1.0,0
llr6-qwen30b-c-skills,qwen30b,c,1,604476,tsvc_2_s2233,fuzzed,1060049918.0,1058557043.0,1.0,0
