model,language,skills,benchmark,wave,job,run_id,ts_ms,speedup,sha256,n_bytes,path
kimi27sglang,c,0,argmax_with_index,v9,618223,llr40v9-kimi27sglang-c.n0.p0.w0,1788305046345,20.797876917347367,aec0225e5b123cf41971f82feb52a29359ae7708c5aea02e2514dd0354834327,3424,kimi27sglang-c/argmax_with_index__submitted.c
kimi27sglang,c,0,compact_threshold_pack,v9,618223,llr40v9-kimi27sglang-c.n0.p1.w1,1788312227364,10.261278269382446,2f48a897e4c35046af180ecb92989997c0a8a24bfa89ad6a618aabe4d01152c2,3301,kimi27sglang-c/compact_threshold_pack__submitted.c
kimi27sglang,c,0,ext_break_capture,w6,612314,llr8w4-kimi27sglang-c.n0.p0.w0,1788047157588,2.4003849374066086,feb160afadd10f5b372c436fddd1b525c75551a77c9edec2596e5d72302c1c8b,1804,kimi27sglang-c/ext_break_capture__submitted.c
kimi27sglang,c,0,ext_war_unit,w3,611566,llr8w3-kimi27sglang-c.n0.p4.w4,1787981216194,1.0,6dd39a9b3c4acdcc7b2447cab3da58f399189566b23c0298edfbbc614df56703,442,kimi27sglang-c/ext_war_unit__submitted.c
kimi27sglang,c,0,fuse_diamond,w4,612050,llr8w4-kimi27sglang-c.n0.p1.w1,1788007878592,89.79681847143995,7deee92a88d9221bbd84319904f72296a99bd79d9d3f096cf650af5b0ae9824e,2503,kimi27sglang-c/fuse_diamond__submitted.c
kimi27sglang,c,0,fuse_move_ifs,w3,611566,llr8w3-kimi27sglang-c.n0.p6.w6,1787965166153,8.081435189034718,bc5ac43f42bc7476d1584fc477224abf9d928f78ab99669964312071afb96ee9,1086,kimi27sglang-c/fuse_move_ifs__submitted.c
kimi27sglang,c,0,fuse_stencil_through_transient,w3,611566,llr8w3-kimi27sglang-c.n0.p7.w7,1787978233020,19.016327125170736,b74b9c9ba16c6287e0157be839f4ea8550f7229a88a8f37057d43c30be0b1e2a,621,kimi27sglang-c/fuse_stencil_through_transient__submitted.c
kimi27sglang,c,0,quasi_affine_reduce_odd,w3,611566,llr8w3-kimi27sglang-c.n0.p8.w8,1787966340757,10.467529962597034,8c75de84142e023621d98be8e6b608c79104bccafc6ff876b2e11409bcba8c32,2034,kimi27sglang-c/quasi_affine_reduce_odd__submitted.c
kimi27sglang,c,0,scan_affine_decay,v9,618223,llr40v9-kimi27sglang-c.n0.p2.w2,1788320722599,6.557520318378851,0ab95260daee4ba9f859df4f836241f1ad7ba8887fef2121be581dc66ca2d62a,2827,kimi27sglang-c/scan_affine_decay__submitted.c
kimi27sglang,c,0,scatter_accum_dup,v9,618223,llr40v9-kimi27sglang-c.n0.p3.w3,1788326083915,19.016327125170736,b586d1ec27a718f3093326c8cce231404461c5bf1fdbadb4d4fddd7b95c037c0,1517,kimi27sglang-c/scatter_accum_dup__submitted.c
kimi27sglang,c,0,tsvc_2_s115,w3,611566,llr8w3-kimi27sglang-c.n0.p9.w9,1787964411345,1.0,0281dcb0c6a9e66df4db88fb05cf79ffff41440b1641d6e060a98540b58aced3,291,kimi27sglang-c/tsvc_2_s115__submitted.c
kimi27sglang,c,0,tsvc_2_s119,w3,611566,llr8w3-kimi27sglang-c.n0.p10.w10,1787966715813,2.678033494476761,9710a0f3ecb174f25afd03ea023450fbb1986c7e2fd7289592f79802df23a0fc,603,kimi27sglang-c/tsvc_2_s119__submitted.c
kimi27sglang,c,0,tsvc_2_s1232,w3,611566,llr8w3-kimi27sglang-c.n0.p11.w11,1787968042147,173.16958629338333,9e21cf0b142f022ce970cdde2c30d9b65492aafc692f872963580f0811bdd49b,2018,kimi27sglang-c/tsvc_2_s1232__submitted.c
kimi27sglang,c,0,tsvc_2_s1244,w4,612050,llr8w4-kimi27sglang-c.n0.p2.w2,1788015994187,9.382295369303986,939031b30246f03c491bde8dfbd0dfacc0bb0717cc342c1302436d97ae63e49b,2959,kimi27sglang-c/tsvc_2_s1244__submitted.c
kimi27sglang,c,0,tsvc_2_s152,w3,611566,llr8w3-kimi27sglang-c.n0.p14.w14,1787985194827,7.766100371874137,7d21fa54c3f94a0da828661dd0085ae5902f95e2eeb503a0d897ee281fbcded2,1330,kimi27sglang-c/tsvc_2_s152__submitted.c
kimi27sglang,c,0,tsvc_2_s2275,w4,612050,llr8w4-kimi27sglang-c.n0.p4.w4,1788007584096,125.94695101928843,91e6c1c8708cdd3acd3395aa68400dc60441bed497baa5fbdf1fb7018b03bd19,673,kimi27sglang-c/tsvc_2_s2275__submitted.c
kimi27sglang,c,0,tsvc_2_s231,w3,611566,llr8w3-kimi27sglang-c.n0.p17.w17,1787984128352,87.15590732362674,c1e43b157b5e08f7ff1e315e12a1f79fbd393a8fb6dca3f0095fd4f1d759eeaa,2655,kimi27sglang-c/tsvc_2_s231__submitted.c
kimi27sglang,c,0,tsvc_2_s233,w3,611566,llr8w3-kimi27sglang-c.n0.p18.w18,1787982531601,11.913025513165806,fa62f78799e7fed904b7079ed13916cd0afa2cafbd78133de27eacb8544cc970,1202,kimi27sglang-c/tsvc_2_s233__submitted.c
kimi27sglang,c,0,tsvc_2_s235,w3,611566,llr8w3-kimi27sglang-c.n0.p19.w19,1787989648702,27.480046901552722,42c634c4eae00b5165021f66a3e742deba02d308c3242fa8b51dfe29dcc4e09e,712,kimi27sglang-c/tsvc_2_s235__submitted.c
kimi27sglang,c,0,tsvc_2_s252,w4,612050,llr8w4-kimi27sglang-c.n0.p5.w5,1788016260548,8.243872036334317,787222b6a0e1355527d5f0a6a2c6b478444d13fce3359d42e60b3895b6553484,5618,kimi27sglang-c/tsvc_2_s252__submitted.c
kimi27sglang,c,0,tsvc_2_s255,w4,612050,llr8w4-kimi27sglang-c.n0.p6.w6,1788021113475,9.016201436033276,e9b694bacd7c39d5fc62f5a979ec73a9074ae1f7ab93233084a88f19adc40478,1864,kimi27sglang-c/tsvc_2_s255__submitted.c
kimi27sglang,c,0,tsvc_2_s2710,w4,612050,llr8w4-kimi27sglang-c.n0.p7.w7,1788006143553,3.2677097966075928,9e0a84371359c284cd122ca19346c0f411f0265d9f96b254644e21582220082e,1059,kimi27sglang-c/tsvc_2_s2710__submitted.c
kimi27sglang,c,0,tsvc_2_s275,w4,612050,llr8w4-kimi27sglang-c.n0.p8.w8,1788027221839,52.994175453756995,4f9c1d89857dc5ad0dd2d8b3fd2514c4dc867e36d4edaf16ca9d95c043f5669f,1451,kimi27sglang-c/tsvc_2_s275__submitted.c
kimi27sglang,c,0,tsvc_2_s311,w6,612314,llr8w4-kimi27sglang-c.n0.p2.w2,1788047512032,20.797876917347367,c29b21e649babfe13ef999f8e59cb320b65727bc0881547a0ef30609fb25f014,1694,kimi27sglang-c/tsvc_2_s311__submitted.c
kimi27sglang,c,0,tsvc_2_s3110,w4,612050,llr8w4-kimi27sglang-c.n0.p10.w10,1788006097984,14.108648906301106,66a4d9a31c4973ce08e6a8e5512ab3f0302fd0abe9b330300a5209fc03615498,4241,kimi27sglang-c/tsvc_2_s3110__submitted.c
kimi27sglang,c,0,tsvc_2_s3111,w4,612050,llr8w4-kimi27sglang-c.n0.p11.w11,1788017017632,20.797876917347367,35ba8eb4a7a9db41e85e68d1a76538779fc486b23109e5cd5107f722bdb364d0,2830,kimi27sglang-c/tsvc_2_s3111__submitted.c
kimi27sglang,c,0,tsvc_2_s3112,w4,612050,llr8w4-kimi27sglang-c.n0.p12.w12,1788016293896,1.0,5ab211cff13fda8aa7eb543c3204d9b9a03d08da2634d7ade1cb0d149d49a764,1335,kimi27sglang-c/tsvc_2_s3112__submitted.c
kimi27sglang,c,0,tsvc_2_s316,w4,612050,llr8w4-kimi27sglang-c.n0.p13.w13,1788018032961,12.645916636849323,666d304387f199d6f12b6383704ea28bca697e8c20fd34ddd3dd3b156c000d42,389,kimi27sglang-c/tsvc_2_s316__submitted.c
kimi27sglang,c,0,tsvc_2_s318,w6,612314,llr8w4-kimi27sglang-c.n0.p3.w3,1788055503071,17.73687164386378,09965d9b2f7de9a5160f79a3f5c98f2d4995a748c259b81cbe4e24e7d7051c59,6756,kimi27sglang-c/tsvc_2_s318__submitted.c
kimi27sglang,c,0,tsvc_2_s319,w6,612314,llr8w4-kimi27sglang-c.n0.p4.w4,1788040213528,12.274002099240244,74f93e301870d943d55bd43ce33530536fcd6cff7ef54f373a97f18286d129d7,3712,kimi27sglang-c/tsvc_2_s319__submitted.c
kimi27sglang,c,0,tsvc_2_s323,w14,613361,llr8w14-kimi27sglang-c.n0.p0.w0,1788136944222,4.027099216733592,9ef8d5d9f663b78e843d1ce31a35d2956836357c5f23b4e3f8885e181cc6b5b5,3903,kimi27sglang-c/tsvc_2_s323__submitted.c
kimi27sglang,c,0,tsvc_2_s4112,w6,612314,llr8w4-kimi27sglang-c.n0.p6.w6,1788037021687,22.52112048277706,06ab3b861827b457175d7df159f6e261226a99f9f9f1a5a333a2da819016ec4c,299,kimi27sglang-c/tsvc_2_s4112__submitted.c
kimi27sglang,c,0,tsvc_2_vag,w6,612314,llr8w4-kimi27sglang-c.n0.p7.w7,1788041094130,24.14568943864658,8beaf919e5f9ab489582d6e35cbc573e1250cb76f06752c875d0e19531e74604,626,kimi27sglang-c/tsvc_2_vag__submitted.c
kimi27sglang,c,0,tsvc_2_vpvts,w6,612314,llr8w4-kimi27sglang-c.n0.p8.w8,1788040760568,4.492907124990357,aebb19fe97edad5c9e77388a8bc7a2a921433cbac41c2ef3dd751bcd8cdf7938,340,kimi27sglang-c/tsvc_2_vpvts__submitted.c
kimi27sglang,c,0,tsvc_2_vtvtv,w6,612314,llr8w4-kimi27sglang-c.n0.p9.w9,1788053045185,4.7693114479560705,740960e1b1cc0c400fee985626f94558b867547b7c67d20d7a6e193dad2bd366,1246,kimi27sglang-c/tsvc_2_vtvtv__submitted.c
kimi27sglang,c,0,wf_diff_skew,w6,612314,llr8w4-kimi27sglang-c.n0.p11.w11,1788061500569,3.0478519248392826,05f48fc31e14d1a780e1f74628de5793d7f68dccf6b623901f4f11d46f5d38d1,3680,kimi27sglang-c/wf_diff_skew__submitted.c
kimi27sglang,c,0,wf_triangular,w12,613036,llr8w12-kimi27sglang-c.n0.p2.w2,1788095760462,7.171863397539411,6e966c8b637f998f5c3548f6fda97011b898b9d5bd6213e6bb080231a2e9b40e,2186,kimi27sglang-c/wf_triangular__submitted.c
kimi27sglang,c,1,argmax_with_index,v9,618232,llr40v9-kimi27sglang-c-skills.n0.p0.w0,1788336430141,17.91424036030242,e26857ac35104f8432cefd781a7251549695c8427d392eadd424f0c9f7dcf1a0,5261,kimi27sglang-c-skills/argmax_with_index__submitted.c
kimi27sglang,c,1,ext_break_capture,w3,611567,llr8w3-kimi27sglang-c-skills.n0.p1.w1,1787968632692,6.960939955934635,db5cfb13024d8e2fabbb8c42c67afd532f776522b03d8608064a300fd3532090,2172,kimi27sglang-c-skills/ext_break_capture__submitted.c
kimi27sglang,c,1,ext_war_unit,w3,611567,llr8w3-kimi27sglang-c-skills.n0.p4.w4,1787968742099,2.573537550058798,e2529f2725bc9f3b205591399ef7c1b13a77953cd0c6f64ebed549f4964e7bf9,1065,kimi27sglang-c-skills/ext_war_unit__submitted.c
kimi27sglang,c,1,fuse_diamond,w3,611567,llr8w3-kimi27sglang-c-skills.n0.p5.w5,1787974961652,88.90774106083163,41c23ef1849f124fc15a6c058d000fd9062472608fdb304aa7e935b140e127b9,1364,kimi27sglang-c-skills/fuse_diamond__submitted.c
kimi27sglang,c,1,fuse_move_ifs,w3,611567,llr8w3-kimi27sglang-c-skills.n0.p6.w6,1787971635989,8.081435189034718,f5ef920eacf50eeee8ac7de4c0902767691879d8790b51ce5f8e50c6c3733d26,1335,kimi27sglang-c-skills/fuse_move_ifs__submitted.c
kimi27sglang,c,1,fuse_stencil_through_transient,w2,610662,llr8-kimi27sglang-c-skills-r1.n0.p2.w2,1787927913654,21.005855686520842,47053b1079ad58b5a0662376486451a15101829205b1763a3f70071f7c055a74,2557,kimi27sglang-c-skills/fuse_stencil_through_transient__submitted.c
kimi27sglang,c,1,quasi_affine_reduce_odd,w12,613035,llr8w12-kimi27sglang-c-skills.n0.p0.w0,1788095616543,10.467529962597034,86e4b8a1d6a81d351c977e113885ad9e55d891ba52caa380249b518a24602ef2,1489,kimi27sglang-c-skills/quasi_affine_reduce_odd__submitted.c
kimi27sglang,c,1,tsvc_2_s115,w3,611567,llr8w3-kimi27sglang-c-skills.n0.p9.w9,1787982532431,3.756148147544384,c5eb958646b805a02c41c11934ec8f690c222d956fdc30f99ef17ebecac85bc2,1342,kimi27sglang-c-skills/tsvc_2_s115__submitted.c
kimi27sglang,c,1,tsvc_2_s119,w3,611567,llr8w3-kimi27sglang-c-skills.n0.p10.w10,1787985416493,3.235356234264943,56c6372a541e2de5f769ae9c1d9ab28f6ac555e2566eb1311c75c012d2c06915,2240,kimi27sglang-c-skills/tsvc_2_s119__submitted.c
kimi27sglang,c,1,tsvc_2_s1232,w3,611567,llr8w3-kimi27sglang-c-skills.n0.p11.w11,1787975005541,171.4550359340429,0077f20e5ce13b0cba6d44882d6d555f3bf2b5794ca38f3d745249c8c1729ba1,562,kimi27sglang-c-skills/tsvc_2_s1232__submitted.c
kimi27sglang,c,1,tsvc_2_s1244,w3,611567,llr8w3-kimi27sglang-c-skills.n0.p12.w12,1787977959959,4.3175954367025335,2e987f61c6b6e7723c1d042314847f37892a9b335eff5d3c100dbfc5ef540788,1102,kimi27sglang-c-skills/tsvc_2_s1244__submitted.c
kimi27sglang,c,1,tsvc_2_s152,w3,611567,llr8w3-kimi27sglang-c-skills.n0.p14.w14,1787982924795,4.913826354140587,9631f468686dcc2ea20dff73b617839ff256803288b74acf7af243bc196dc291,463,kimi27sglang-c-skills/tsvc_2_s152__submitted.c
kimi27sglang,c,1,tsvc_2_s2275,w4,612051,llr8w4-kimi27sglang-c-skills.n0.p3.w3,1788005236860,124.69995150424597,aeccf67280651dd9d5b4968469dadd368b9e10b49e745ef2180d7848e1677b8a,742,kimi27sglang-c-skills/tsvc_2_s2275__submitted.c
kimi27sglang,c,1,tsvc_2_s231,w4,612051,llr8w4-kimi27sglang-c-skills.n0.p4.w4,1788003803255,32.87018873304345,ad0c447f691684c2098f9272e4d6f6bf800e2616d903328b683d040b9bbc7ddc,621,kimi27sglang-c-skills/tsvc_2_s231__submitted.c
kimi27sglang,c,1,tsvc_2_s233,w4,612051,llr8w4-kimi27sglang-c-skills.n0.p5.w5,1788021463400,40.1078769032695,cbc2cb6e0448e2aefb06faf92c9b89bdf5b7b3a15a9abd1b027c47e71486e796,1966,kimi27sglang-c-skills/tsvc_2_s233__submitted.c
kimi27sglang,c,1,tsvc_2_s235,w4,612051,llr8w4-kimi27sglang-c-skills.n0.p6.w6,1788015645791,42.57531953064501,19dfec202602e50f1a393017f3e7923e902f3c959ad5f696151b71567b84554e,1057,kimi27sglang-c-skills/tsvc_2_s235__submitted.c
kimi27sglang,c,1,tsvc_2_s252,w4,612051,llr8w4-kimi27sglang-c-skills.n0.p7.w7,1788005725607,5.648316682412047,65e4cfe8c75fd42a9628168f931854c3ece091c8032dc48e4b77d9442e158d8a,1215,kimi27sglang-c-skills/tsvc_2_s252__submitted.c
kimi27sglang,c,1,tsvc_2_s255,w4,612051,llr8w4-kimi27sglang-c-skills.n0.p8.w8,1788018952559,5.995801975356177,2ac664ef855da37480c61dfa49acf5df300028fb2d60cd68846657402039d5aa,783,kimi27sglang-c-skills/tsvc_2_s255__submitted.c
kimi27sglang,c,1,tsvc_2_s2710,w4,612051,llr8w4-kimi27sglang-c-skills.n0.p9.w9,1788013221937,38.542881362978314,cf716226b091a76b305118e9997415df352c9537e0426e8abef61c3268fbfb4b,3036,kimi27sglang-c-skills/tsvc_2_s2710__submitted.c
kimi27sglang,c,1,tsvc_2_s275,w4,612051,llr8w4-kimi27sglang-c-skills.n0.p10.w10,1788015309650,50.42213958726158,6f4ba70674fcfadea44f8a2862661fb238c0fe0c73161553d329c97b7ee48f76,1193,kimi27sglang-c-skills/tsvc_2_s275__submitted.c
kimi27sglang,c,1,tsvc_2_s311,w4,612051,llr8w4-kimi27sglang-c-skills.n0.p11.w11,1788014409258,19.986350924543686,f24c3c6cc2b4d06ab84188f7532359efd22bf16ca724fa176617bec1563d1705,764,kimi27sglang-c-skills/tsvc_2_s311__submitted.c
kimi27sglang,c,1,tsvc_2_s3110,w4,612051,llr8w4-kimi27sglang-c-skills.n0.p12.w12,1788027189512,14.536155076810935,81a1ed0101788a871682bca6e9b17fbc09941d4b795c074446298dec8f195a59,2359,kimi27sglang-c-skills/tsvc_2_s3110__submitted.c
kimi27sglang,c,1,tsvc_2_s3111,w12,613035,llr8w12-kimi27sglang-c-skills.n0.p2.w2,1788091614592,1.4025769861695725,038fc725b834f6981df93ef3d52172e1dfbdb90661aaaf7f4176636728ac9ac1,317,kimi27sglang-c-skills/tsvc_2_s3111__submitted.c
kimi27sglang,c,1,tsvc_2_s3112,w12,613035,llr8w12-kimi27sglang-c-skills.n0.p3.w3,1788095663576,1.0510100501000001,c6b5463346f97530fddc645f0f9ed0851c7d68791d8a3b50f51d1a3d4dd1fa1a,671,kimi27sglang-c-skills/tsvc_2_s3112__submitted.c
kimi27sglang,c,1,tsvc_2_s316,w4,612051,llr8w4-kimi27sglang-c-skills.n0.p15.w15,1788027561756,12.032155768297464,fb4fc6a27105846473d03d65f1fb0b04e646ae6d6c51160ed346d8328dd26f09,476,kimi27sglang-c-skills/tsvc_2_s316__submitted.c
kimi27sglang,c,1,tsvc_2_s318,w6,612315,llr8w4-kimi27sglang-c-skills.n0.p4.w4,1788059934058,17.73687164386378,5e93c061db369b4a479feba67e2493a8617a0b6d0dccacedbad67b29d9e5e2b9,6156,kimi27sglang-c-skills/tsvc_2_s318__submitted.c
kimi27sglang,c,1,tsvc_2_s319,w6,612315,llr8w4-kimi27sglang-c-skills.n0.p5.w5,1788046451620,8.32631075669766,e4736560d6c69b57679d45b21f3e45ca4ec8db2001e3c6cbbfa50565cb522fbd,1290,kimi27sglang-c-skills/tsvc_2_s319__submitted.c
kimi27sglang,c,1,tsvc_2_s323,w2,610662,llr8-kimi27sglang-c-skills-r1.n0.p5.w5,1787942061099,1.0,61c0231bdb4805859d2d55205b9162fd9d2d5049d0bf9063b873f3c85710ce94,972,kimi27sglang-c-skills/tsvc_2_s323__submitted.c
kimi27sglang,c,1,tsvc_2_s4112,w4,612051,llr8w4-kimi27sglang-c-skills.n0.p18.w18,1788027554223,22.52112048277706,20e976d27e8e829f66f406896f61e7eee3e9c92c6b33106b0152e595775c4e27,421,kimi27sglang-c-skills/tsvc_2_s4112__submitted.c
kimi27sglang,c,1,tsvc_2_vag,w4,612051,llr8w4-kimi27sglang-c-skills.n0.p19.w19,1788025689632,22.97379500448088,66cdb623e61eb867c75e39c4e40202af70e225e2d85aa896ab80aff08c8dbf50,380,kimi27sglang-c-skills/tsvc_2_vag__submitted.c
kimi27sglang,c,1,tsvc_2_vpvts,w6,612315,llr8w4-kimi27sglang-c-skills.n0.p6.w6,1788042259578,4.360771391069559,43fcf06cae7cb78e3b8d5728e0f7dcee78043f2bbb8ff941a4a16edbfebd7458,308,kimi27sglang-c-skills/tsvc_2_vpvts__submitted.c
kimi27sglang,c,1,tsvc_2_vtvtv,w6,612315,llr8w4-kimi27sglang-c-skills.n0.p7.w7,1788042218965,4.7693114479560705,4c511717c7dd23acc7b69841c31fca0c8c3c614ffd03de85d3b0d28896c3ca6a,1087,kimi27sglang-c-skills/tsvc_2_vtvtv__submitted.c
kimi27sglang,c,1,wf_diff_skew,w2,610662,llr8-kimi27sglang-c-skills-r1.n0.p6.w6,1787935419334,5.374179516051848,e5cae8c86ed52ac0eb1206a96b0b781c8608b1aefdaebeccbc7101db172668e3,2467,kimi27sglang-c-skills/wf_diff_skew__submitted.c
kimi27sglang,c,1,wf_triangular,w6,612315,llr8w4-kimi27sglang-c-skills.n0.p10.w10,1788056031167,7.689208288984294,8855992b5c1ecacc3217fe83cb9fa52e7245929b3cebc01016cdab6bafd12e29,1642,kimi27sglang-c-skills/wf_triangular__submitted.c
kimi27sglang,fortran,0,argmax_with_index,v9,618225,llr40v9-kimi27sglang-fortran.n0.p0.w0,1788305389421,18.093382763905442,0ba8ce384361da616a959f0fef072f14624324fbcfa24917f3abd6b9f59afe86,1889,kimi27sglang-fortran/argmax_with_index__submitted.f90
kimi27sglang,fortran,0,compact_threshold_pack,v9,618225,llr40v9-kimi27sglang-fortran.n0.p1.w1,1788313072364,12.032155768297464,6f62c5c1caded9dc30d1fc99aaf39d7ea4592e06e5e4fef26fecd27c693982b7,1997,kimi27sglang-fortran/compact_threshold_pack__submitted.f90
kimi27sglang,fortran,0,ext_break_capture,w8,612477,llr8w8-kimi27sglang-fortran.n0.p1.w1,1788054157665,27.75484737056825,480ef331434a66120d90934bb210262cf04caafe95afa740a96167d3cfb78ab4,635,kimi27sglang-fortran/ext_break_capture__submitted.f90
kimi27sglang,fortran,0,ext_war_unit,w8,612477,llr8w8-kimi27sglang-fortran.n0.p4.w4,1788066313714,2.261271193059863,6074525f100000bdbcc22f5fe45801b8762487f5b2ff0be5f41cd75a98dc8262,906,kimi27sglang-fortran/ext_war_unit__submitted.f90
kimi27sglang,fortran,0,fuse_diamond,w8,612477,llr8w8-kimi27sglang-fortran.n0.p5.w5,1788068266121,60.31231498602361,ab1994508767f05616a56b01faefb15311235619d842ffcda85cf6097a5e27ac,942,kimi27sglang-fortran/fuse_diamond__submitted.f90
kimi27sglang,fortran,0,fuse_move_ifs,w8,612477,llr8w8-kimi27sglang-fortran.n0.p6.w6,1788068892220,8.493669602907282,e74c38e52413193a3cc7729c438dab2b86da26d6820bb6ad459542c698a8dc44,1428,kimi27sglang-fortran/fuse_move_ifs__submitted.f90
kimi27sglang,fortran,0,fuse_stencil_through_transient,w8,612477,llr8w8-kimi27sglang-fortran.n0.p7.w7,1788074763975,23.669923966911657,4d64d8874170fb365c7c65f4fd827c102d9d7bdabcb55ef2cb61a8ca42d6ea11,538,kimi27sglang-fortran/fuse_stencil_through_transient__submitted.f90
kimi27sglang,fortran,0,quasi_affine_reduce_odd,w8,612477,llr8w8-kimi27sglang-fortran.n0.p8.w8,1788050534677,8.578606298936355,40a783c73fdce47cc31d2e08731c93ba4a0bed72d1c85247a5c004c8c786c4f8,1040,kimi27sglang-fortran/quasi_affine_reduce_odd__submitted.f90
kimi27sglang,fortran,0,scan_affine_decay,v9,618225,llr40v9-kimi27sglang-fortran.n0.p2.w2,1788324392654,4.962964617681994,c10dc1ce96b3fd892aacb3b0276f5040869b37c2166136245a68c13075c247f7,2581,kimi27sglang-fortran/scan_affine_decay__submitted.f90
kimi27sglang,fortran,0,scatter_accum_dup,v9,618225,llr40v9-kimi27sglang-fortran.n0.p3.w3,1788326274167,10.572205262223004,c9318c800aaa7557e7ce18a060799d2a1966f68fb34d53b4510e93e54880828a,1519,kimi27sglang-fortran/scatter_accum_dup__submitted.f90
kimi27sglang,fortran,0,tsvc_2_s115,w8,612477,llr8w8-kimi27sglang-fortran.n0.p9.w9,1788053281586,1.0,620a2f2b21afc1653dcb810f0be2088c008b62c5559985584a777573a7b2ff34,467,kimi27sglang-fortran/tsvc_2_s115__submitted.f90
kimi27sglang,fortran,0,tsvc_2_s119,w8,612477,llr8w8-kimi27sglang-fortran.n0.p10.w10,1788067023545,3.3003868945736685,6bfe6d4210db878b0e01c9e696ae8f905c3079ea4f7473328775137586ea6806,943,kimi27sglang-fortran/tsvc_2_s119__submitted.f90
kimi27sglang,fortran,0,tsvc_2_s1232,w8,612477,llr8w8-kimi27sglang-fortran.n0.p11.w11,1788071064243,173.16958629338333,36ee2709a4b3e1262c4cc3c0dae4d74ed7a00e2d391d391417e741fe41bff888,938,kimi27sglang-fortran/tsvc_2_s1232__submitted.f90
kimi27sglang,fortran,0,tsvc_2_s1244,w8,612477,llr8w8-kimi27sglang-fortran.n0.p12.w12,1788067100304,1.0,5a13c8fdb452d203db83c38658b1cd202f66e987f0ff500430feeb840b4f053b,600,kimi27sglang-fortran/tsvc_2_s1244__submitted.f90
kimi27sglang,fortran,0,tsvc_2_s152,w8,612477,llr8w8-kimi27sglang-fortran.n0.p14.w14,1788064245012,4.537836196240262,2a415637de45db045dc93ded5b5bcf6601bc0a677320551288758b92c969f22c,493,kimi27sglang-fortran/tsvc_2_s152__submitted.f90
kimi27sglang,fortran,0,tsvc_2_s2275,w8,612477,llr8w8-kimi27sglang-fortran.n0.p15.w15,1788072606133,124.69995150424597,4fc7b2edaf9b7be738de47f4794d4871c3fd95964fe0a6ea0a2be768ac962a65,548,kimi27sglang-fortran/tsvc_2_s2275__submitted.f90
kimi27sglang,fortran,0,tsvc_2_s231,w12,613037,llr8w12-kimi27sglang-fortran.n0.p1.w1,1788096658923,37.03895140955522,e1a75887c3690934c6833a348602ca021031fa67a9edfb3692e5fe0235883ea0,680,kimi27sglang-fortran/tsvc_2_s231__submitted.f90
kimi27sglang,fortran,0,tsvc_2_s233,w12,613037,llr8w12-kimi27sglang-fortran.n0.p3.w3,1788096664061,36.30913774096189,987d06765866ee061ddebe40f2e25552282ef315ae0784694aa142c3069a9adb,1454,kimi27sglang-fortran/tsvc_2_s233__submitted.f90
kimi27sglang,fortran,0,tsvc_2_s235,w12,613037,llr8w12-kimi27sglang-fortran.n0.p4.w4,1788095129349,37.78343433288728,7339c32e99fdd176e804687e3f01363b030034c29e7f392a25e2207cbf7a8b83,924,kimi27sglang-fortran/tsvc_2_s235__submitted.f90
kimi27sglang,fortran,0,tsvc_2_s252,w9,612478,llr8w9-kimi27sglang-fortran.n0.p0.w0,1788057610873,5.995801975356177,f352b0e6b8eaadaa796ba907fdfe8622bef03cba19bb24f080d2c2888bfe7038,1893,kimi27sglang-fortran/tsvc_2_s252__submitted.f90
kimi27sglang,fortran,0,tsvc_2_s255,w9,612478,llr8w9-kimi27sglang-fortran.n0.p1.w1,1788074741554,5.877660989467873,0973d62e82d2803bcb25e6b04da5ec644f6d38bf92a281039fbd4a72db249986,1201,kimi27sglang-fortran/tsvc_2_s255__submitted.f90
kimi27sglang,fortran,0,tsvc_2_s2710,w9,612478,llr8w9-kimi27sglang-fortran.n0.p2.w2,1788064116361,38.16126867621615,8bf43f378fddbd827aecc9f5754e993ed643e51b637f4864f1f2b6c1268d9be2,1098,kimi27sglang-fortran/tsvc_2_s2710__submitted.f90
kimi27sglang,fortran,0,tsvc_2_s275,w9,612478,llr8w9-kimi27sglang-fortran.n0.p3.w3,1788068255831,52.994175453756995,1a5b6f5bc4be9ba54bcd5052668cc206902baa76dab58a4a7efbb6460cec7472,1633,kimi27sglang-fortran/tsvc_2_s275__submitted.f90
kimi27sglang,fortran,0,tsvc_2_s311,w9,612478,llr8w9-kimi27sglang-fortran.n0.p4.w4,1788049380144,20.797876917347367,aad7447c24cb52fd18bb3dfd2af5f0da12f56edc986e5887c8160d4b97208942,439,kimi27sglang-fortran/tsvc_2_s311__submitted.f90
kimi27sglang,fortran,0,tsvc_2_s3110,w9,612478,llr8w9-kimi27sglang-fortran.n0.p5.w5,1788071930163,14.392232749317758,bb6e7c291fc865e3d9e1d3442734bb643b28a2032033422a852c7385c8cd2ba4,3178,kimi27sglang-fortran/tsvc_2_s3110__submitted.f90
kimi27sglang,fortran,0,tsvc_2_s3111,w9,612478,llr8w9-kimi27sglang-fortran.n0.p6.w6,1788057751651,21.42807338581991,29f74ead85a81ca2e2dfeb47241645747ab527b75e9aaf29ced40ccf7d9bed6f,633,kimi27sglang-fortran/tsvc_2_s3111__submitted.f90
kimi27sglang,fortran,0,tsvc_2_s3112,w14,613362,llr8w14-kimi27sglang-fortran.n0.p0.w0,1788135597418,1.0,015748a0b7e9f8d0180a2a4bf7f9e5e28cdc5d3775d19b86740543be5de0920e,599,kimi27sglang-fortran/tsvc_2_s3112__submitted.f90
kimi27sglang,fortran,0,tsvc_2_s316,w9,612478,llr8w9-kimi27sglang-fortran.n0.p8.w8,1788055618371,14.108648906301106,1a2e1522351440afc29388c9becc2fc31d1c81c1e4aff459856c14a213ab940d,561,kimi27sglang-fortran/tsvc_2_s316__submitted.f90
kimi27sglang,fortran,0,tsvc_2_s318,w9,612478,llr8w9-kimi27sglang-fortran.n0.p9.w9,1788073852155,13.830652785316248,8e231dd8410f44653eba724c941585073c67055814b3d4cc4397cfe0caeddd36,2767,kimi27sglang-fortran/tsvc_2_s318__submitted.f90
kimi27sglang,fortran,0,tsvc_2_s319,w12,613037,llr8w12-kimi27sglang-fortran.n0.p6.w6,1788096447330,37.409340923650774,32a9c413f35ec85dd1b7a1b0b46639bb1e33f844a379bc26e225e2c7be808ab3,655,kimi27sglang-fortran/tsvc_2_s319__submitted.f90
kimi27sglang,fortran,0,tsvc_2_s323,w13,613252,llr8w13-kimi27sglang-fortran.n0.p2.w2,1788106154237,1.0201,b7ecc821360f1f7293597daadf9e28c34facd7dbd5652ffb117cfc895a19cae4,481,kimi27sglang-fortran/tsvc_2_s323__submitted.f90
kimi27sglang,fortran,0,tsvc_2_s4112,w12,613037,llr8w12-kimi27sglang-fortran.n0.p8.w8,1788096434770,21.85877766087489,a913e0aca8e7220ce96e6616fb92bb1e5245ca928bc65ec15d5e2501a061beec,465,kimi27sglang-fortran/tsvc_2_s4112__submitted.f90
kimi27sglang,fortran,0,tsvc_2_vag,w9,612478,llr8w9-kimi27sglang-fortran.n0.p13.w13,1788071810247,22.52112048277706,c64c53134cdd8344653f0f261f4739654f571096b4ef0eb3b20c56cfcde0b78e,770,kimi27sglang-fortran/tsvc_2_vag__submitted.f90
kimi27sglang,fortran,0,tsvc_2_vpvts,w9,612478,llr8w9-kimi27sglang-fortran.n0.p14.w14,1788066847623,5.48220052432449,bc8bb290f19dbc2fc82ac83ee64d489397c92c204e67ace64449c5d37c2014d3,564,kimi27sglang-fortran/tsvc_2_vpvts__submitted.f90
kimi27sglang,fortran,0,tsvc_2_vtvtv,w9,612478,llr8w9-kimi27sglang-fortran.n0.p15.w15,1788068060384,4.817004562435631,ce0af57435c64ddc74abc462382ffc0475a4ef4815c26472f811fb6b20b68fdf,480,kimi27sglang-fortran/tsvc_2_vtvtv__submitted.f90
kimi27sglang,fortran,0,wf_diff_skew,w9,612478,llr8w9-kimi27sglang-fortran.n0.p17.w17,1788072498422,1.0303010000000001,88db8960b3b07f812c263704d15767935b731b28071156183932c5ce5d8f5301,441,kimi27sglang-fortran/wf_diff_skew__submitted.f90
kimi27sglang,fortran,0,wf_triangular,w13,613252,llr8w13-kimi27sglang-fortran.n0.p4.w4,1788110430873,3.1402048860138376,e370cbdd02e81579d00e10bb201c3a7951a0a65fdbb272a8c9bca38788889b31,1699,kimi27sglang-fortran/wf_triangular__submitted.f90
kimi27sglang,fortran,1,argmax_with_index,v9,618234,llr40v9-kimi27sglang-fortran-skills.n0.p0.w0,1788336925110,18.82804665858489,023bd0f4e54a8cd88729fd8891be82d658112a15deabe36d35b47b34b361b5d5,1106,kimi27sglang-fortran-skills/argmax_with_index__submitted.f90
kimi27sglang,fortran,1,ext_break_capture,w10,612995,llr8w10-kimi27sglang-fortran-skills.n0.p1.w1,1788105582520,6.6230955215626395,46f7309f243273e397062f6d3045999e44e0be9d178acc34f14d9ada0b4c3f3c,1868,kimi27sglang-fortran-skills/ext_break_capture__submitted.f90
kimi27sglang,fortran,1,ext_war_unit,w10,612995,llr8w10-kimi27sglang-fortran-skills.n0.p4.w4,1788111665449,5.48220052432449,2074bc530650f735d9f360ac3f2656a6f794a5f338bb783b9d896caefe8c1c7f,1474,kimi27sglang-fortran-skills/ext_war_unit__submitted.f90
kimi27sglang,fortran,1,fuse_diamond,w10,612995,llr8w10-kimi27sglang-fortran-skills.n0.p5.w5,1788091394852,61.52459251724268,db1b0922d5f622c4fa4628015391c58dd2e04eb88ef7b8ba260533ec1fb14996,536,kimi27sglang-fortran-skills/fuse_diamond__submitted.f90
kimi27sglang,fortran,1,fuse_move_ifs,w10,612995,llr8w10-kimi27sglang-fortran-skills.n0.p6.w6,1788106173153,7.463069810651736,21ace60886b1966fb1da451cf867dfb336ebcec7e1c8772051e54ad8db9d052b,927,kimi27sglang-fortran-skills/fuse_move_ifs__submitted.f90
kimi27sglang,fortran,1,fuse_stencil_through_transient,w10,612995,llr8w10-kimi27sglang-fortran-skills.n0.p7.w7,1788095255236,23.435568284070946,f053c9a46e9dfaaa5ea230e75c9d94eb941a87a0d5e7763109ca383ab8bd84f4,734,kimi27sglang-fortran-skills/fuse_stencil_through_transient__submitted.f90
kimi27sglang,fortran,1,quasi_affine_reduce_odd,w10,612995,llr8w10-kimi27sglang-fortran-skills.n0.p8.w8,1788110920409,10.159681454834105,7aeca4a2876def5e0cb8587d644e3f02d7ff83fa22d8705c7efb283947f68777,1236,kimi27sglang-fortran-skills/quasi_affine_reduce_odd__submitted.f90
kimi27sglang,fortran,1,tsvc_2_s115,w10,612995,llr8w10-kimi27sglang-fortran-skills.n0.p9.w9,1788096920201,2.0675703052211336,62263b7e708d397f3d920d074234a9fb8a2a429e2e12fd752d8c3ec62504bf09,521,kimi27sglang-fortran-skills/tsvc_2_s115__submitted.f90
kimi27sglang,fortran,1,tsvc_2_s119,w10,612995,llr8w10-kimi27sglang-fortran-skills.n0.p10.w10,1788094967224,2.8999265273907606,d9ec8830fafb9411d665ba682dc9b6af1d3be51174445756aeb37be1b9cc9121,1160,kimi27sglang-fortran-skills/tsvc_2_s119__submitted.f90
kimi27sglang,fortran,1,tsvc_2_s1232,w10,612995,llr8w10-kimi27sglang-fortran-skills.n0.p11.w11,1788094054168,168.07669437706392,36cddeb788974b255209928a5a3548ffdbf54a501aa8f286688044f7f810c8ff,669,kimi27sglang-fortran-skills/tsvc_2_s1232__submitted.f90
kimi27sglang,fortran,1,tsvc_2_s1244,w10,612995,llr8w10-kimi27sglang-fortran-skills.n0.p12.w12,1788097623508,4.149124350099836,9f9988015f772f72b0e9360b78e7578da187ce6503144b2be90436016ba3964f,611,kimi27sglang-fortran-skills/tsvc_2_s1244__submitted.f90
kimi27sglang,fortran,1,tsvc_2_s152,w15,613533,llr8w15-kimi27sglang-fortran-skills.n0.p1.w1,1788146623140,4.817004562435631,37ad879a96e7a56e8235488d34cb7a664cad9f280e9092bd9ea72ad2725d1249,512,kimi27sglang-fortran-skills/tsvc_2_s152__submitted.f90
kimi27sglang,fortran,1,tsvc_2_s2275,w15,613533,llr8w15-kimi27sglang-fortran-skills.n0.p2.w2,1788139661535,127.20642052948132,0af7c7beaba840e579551ff324025b9755b075ff453022b46b0c4e6e38b422c7,844,kimi27sglang-fortran-skills/tsvc_2_s2275__submitted.f90
kimi27sglang,fortran,1,tsvc_2_s231,w15,613533,llr8w15-kimi27sglang-fortran-skills.n0.p3.w3,1788174946832,88.90774106083163,821e76f8106c30a2a152532f6e59145de95097842c3bf135b1cb5218bc2c5269,1012,kimi27sglang-fortran-skills/tsvc_2_s231__submitted.f90
kimi27sglang,fortran,1,tsvc_2_s233,w15,613533,llr8w15-kimi27sglang-fortran-skills.n0.p5.w5,1788182262142,48.45468507012728,a7c5dfaf4e89c50ece2b189b407a0f320e2af8026c486e579c900f989ba71df2,869,kimi27sglang-fortran-skills/tsvc_2_s233__submitted.f90
kimi27sglang,fortran,1,tsvc_2_s235,w15,613533,llr8w15-kimi27sglang-fortran-skills.n0.p6.w6,1788159609895,84.59266498200694,1bc64988fe49afeb6c11f812ff1452cbf0364c757ca2c5c7f5c480d16d1b0dd1,827,kimi27sglang-fortran-skills/tsvc_2_s235__submitted.f90
kimi27sglang,fortran,1,tsvc_2_s252,w11,612996,llr8w11-kimi27sglang-fortran-skills.n0.p0.w0,1788092486349,5.819466326205815,ab3523b225af016cbac214a6e4e05aed4e8f24fb2d6763dfe9e8b57506654372,1016,kimi27sglang-fortran-skills/tsvc_2_s252__submitted.f90
kimi27sglang,fortran,1,tsvc_2_s255,w11,612996,llr8w11-kimi27sglang-fortran-skills.n0.p1.w1,1788089308333,5.4279213112123665,4746efccfa257707059f2b0e2bda8407a50c0bf38b647a8e5f8010bf82ac0670,1365,kimi27sglang-fortran-skills/tsvc_2_s255__submitted.f90
kimi27sglang,fortran,1,tsvc_2_s2710,w11,612996,llr8w11-kimi27sglang-fortran-skills.n0.p2.w2,1788092792194,40.91404522902522,c26d792af57f708285cc3366fb569c0347e7873248a83a783b48042cddc5f82c,3250,kimi27sglang-fortran-skills/tsvc_2_s2710__submitted.f90
kimi27sglang,fortran,1,tsvc_2_s275,w11,612996,llr8w11-kimi27sglang-fortran-skills.n0.p3.w3,1788093290381,43.86539428774309,96465840c6f19a49a8f990ec2dd9a9c36f3c5ba766898c21fcf65e549042a1db,1094,kimi27sglang-fortran-skills/tsvc_2_s275__submitted.f90
kimi27sglang,fortran,1,tsvc_2_s311,w11,612996,llr8w11-kimi27sglang-fortran-skills.n0.p4.w4,1788102883795,20.797876917347367,f2af5103f37df9af4ae0eb8bdf40ca2ddcd1e2fa1a16eaf1a30052f4723f5122,1119,kimi27sglang-fortran-skills/tsvc_2_s311__submitted.f90
kimi27sglang,fortran,1,tsvc_2_s3110,w11,612996,llr8w11-kimi27sglang-fortran-skills.n0.p5.w5,1788099437744,1.321290966898251,6ea5acd5b96f1c42c9053fd06d1d883ea0161e710e9cd123f85d304b49b6ef67,885,kimi27sglang-fortran-skills/tsvc_2_s3110__submitted.f90
kimi27sglang,fortran,1,tsvc_2_s3111,w11,612996,llr8w11-kimi27sglang-fortran-skills.n0.p6.w6,1788092415422,21.42807338581991,91cffd49c0c6cdb5bc687d2b2dfbe7564606a8623f3e41b8b04cf88bba30d862,900,kimi27sglang-fortran-skills/tsvc_2_s3111__submitted.f90
kimi27sglang,fortran,1,tsvc_2_s3112,w11,612996,llr8w11-kimi27sglang-fortran-skills.n0.p7.w7,1788100965849,1.0,e87d0cd7ce7a5aa877b7e25b7ad991fa346c0a2862cf034e49d0eff3178b0fcb,1216,kimi27sglang-fortran-skills/tsvc_2_s3112__submitted.f90
kimi27sglang,fortran,1,tsvc_2_s316,w11,612996,llr8w11-kimi27sglang-fortran-skills.n0.p8.w8,1788103732887,14.249735395364118,5b18cbfcb2d25af38cee542f3ced0bfaf42a8b05f87c51079980598e2b867105,517,kimi27sglang-fortran-skills/tsvc_2_s316__submitted.f90
kimi27sglang,fortran,1,tsvc_2_s318,w11,612996,llr8w11-kimi27sglang-fortran-skills.n0.p9.w9,1788094400754,13.423895332835984,e18597e50ba82c40634ac735a965cb4a83fca1eea1eb6df64bf58f06c7d9134c,1343,kimi27sglang-fortran-skills/tsvc_2_s318__submitted.f90
kimi27sglang,fortran,1,tsvc_2_s319,w11,612996,llr8w11-kimi27sglang-fortran-skills.n0.p10.w10,1788107467725,8.493669602907282,2ce409407abc4206145999194f039bd20d8a0e6615c151f2802e00cb5480dd0b,1020,kimi27sglang-fortran-skills/tsvc_2_s319__submitted.f90
kimi27sglang,fortran,1,tsvc_2_s323,w16,618083,llr8w16-kimi27sglang-fortran-skills.n0.p0.w0,1788300822561,1.01,127eff504a7a055398067be151826aa4d748a8bb34f321244b680fadb2dff822,487,kimi27sglang-fortran-skills/tsvc_2_s323__submitted.f90
kimi27sglang,fortran,1,tsvc_2_s4112,w11,612996,llr8w11-kimi27sglang-fortran-skills.n0.p12.w12,1788096864286,22.746331687604833,b2fc83e32d05fd11eccefa177b953f9989d957f96de2cb0297e8c0963d57f18e,610,kimi27sglang-fortran-skills/tsvc_2_s4112__submitted.f90
kimi27sglang,fortran,1,tsvc_2_vag,w15,613533,llr8w15-kimi27sglang-fortran-skills.n0.p8.w8,1788145891913,23.203532954525688,b75e0eaaf82d56a8290afddeb18a723ced5d97a66080aa694c0dd805b4253ed3,542,kimi27sglang-fortran-skills/tsvc_2_vag__submitted.f90
kimi27sglang,fortran,1,tsvc_2_vpvts,w15,613533,llr8w15-kimi27sglang-fortran-skills.n0.p9.w9,1788168298590,4.537836196240262,825a880b958e4ba744aaeaa0d833d3d3fec8395fa4c9286751e791d78bffa7bf,507,kimi27sglang-fortran-skills/tsvc_2_vpvts__submitted.f90
kimi27sglang,fortran,1,tsvc_2_vtvtv,w15,613533,llr8w15-kimi27sglang-fortran-skills.n0.p10.w10,1788139833196,4.537836196240262,2e5d4db5dc88c091f47a24aba83d3cd46a6f2debd3162a5c7a624e5d83d86218,530,kimi27sglang-fortran-skills/tsvc_2_vtvtv__submitted.f90
kimi27sglang,fortran,1,wf_diff_skew,w15,613533,llr8w15-kimi27sglang-fortran-skills.n0.p12.w12,1788173023548,4.583214558202664,ecf0c3e501d94c3b80b4b6ac835e30b66827ebf78786e528ceccd76a1db61a8e,1397,kimi27sglang-fortran-skills/wf_diff_skew__submitted.f90
kimi27sglang,fortran,1,wf_triangular,w15,613533,llr8w15-kimi27sglang-fortran-skills.n0.p14.w14,1788183868666,7.0305493554939815,a2b4c61e9a4d1aadc959462617621d0df02ad7fb67585762b9ea95c797459d81,1157,kimi27sglang-fortran-skills/wf_triangular__submitted.f90
oss120b,c,0,argmax_with_index,v9,618220,llr40v9-oss120b-c.n0.p0.w0,1788297884411,20.388076578127013,aedd4236b75840f77833e481885945543a59e3ba3647313aefcea7b8fc499ca0,879,oss120b-c/argmax_with_index__submitted.c
oss120b,c,0,ext_break_capture,w3,611564,llr8w3-oss120b-c.n0.p1.w1,1787963296029,1.01,2a3d2b976d64a944b62a526b5eb497cdd796c1b7c8623229fdb9098edf83fc1d,2180,oss120b-c/ext_break_capture__submitted.c
oss120b,c,0,ext_war_unit,w3,611564,llr8w3-oss120b-c.n0.p4.w4,1787962877937,1.7285245734721935,bd2fe86d67e161487f63052ea5be0877788110cd9e3450dcf844dfcccd5ac761,1419,oss120b-c/ext_war_unit__submitted.c
oss120b,c,0,fuse_diamond,w6,612293,llr8w4-oss120b-c.n0.p0.w0,1788028310078,61.52459251724268,5cc316141180d5485a9ed8b7e8836116b02d1c12491b10433d86aa4d35d01f1d,440,oss120b-c/fuse_diamond__submitted.c
oss120b,c,0,fuse_move_ifs,w6,612293,llr8w4-oss120b-c.n0.p1.w1,1788028320574,8.751036285544977,14d8d994064aa09141f2598c7bf6083b73bb2b017f04806f59fc5d59441360d5,1699,oss120b-c/fuse_move_ifs__submitted.c
oss120b,c,0,fuse_stencil_through_transient,w6,612293,llr8w4-oss120b-c.n0.p2.w2,1788028590874,24.14568943864658,f1563ab9fb914d66d3de6fbd07783f7f64f4743b1c935ab03e1d30ad6a1b8b3f,1385,oss120b-c/fuse_stencil_through_transient__submitted.c
oss120b,c,0,quasi_affine_reduce_odd,w7,612301,llr8w4-oss120b-c.n0.p0.w0,1788029594249,10.261278269382446,9f523d534ddb448e6761f350cae15de3e0394b7daa6062c73ddb65c70ede68b0,318,oss120b-c/quasi_affine_reduce_odd__submitted.c
oss120b,c,0,scan_affine_decay,v9,618220,llr40v9-oss120b-c.n0.p2.w2,1788300218408,5.592392754863413,cdf84fd290e552e73dbd79debe5e5c0817c06b4c9c04afcc015532f59e730b7d,4157,oss120b-c/scan_affine_decay__submitted.c
oss120b,c,0,segment_reduce_ragged,v9,618220,llr40v9-oss120b-c.n0.p4.w4,1788301549578,1.1494742132376226,b6de377f8c53230baca15344005682a8bd8382e3a0689af6904eee9680827629,2067,oss120b-c/segment_reduce_ragged__submitted.c
oss120b,c,0,tsvc_2_s115,w3,611564,llr8w3-oss120b-c.n0.p9.w9,1787962551122,2.238882369366201,a26b4cd002e9f837765f1c422dc18d2b03c742d24289c2165d5919277b55fa94,751,oss120b-c/tsvc_2_s115__submitted.c
oss120b,c,0,tsvc_2_s119,w3,611564,llr8w3-oss120b-c.n0.p10.w10,1787962946476,1.0,a1ed5b76caf93d0fea20933b120d354bfa20e7c6d90d0f22ccf75073f2977335,1733,oss120b-c/tsvc_2_s119__submitted.c
oss120b,c,0,tsvc_2_s1232,w3,611564,llr8w3-oss120b-c.n0.p11.w11,1787961905947,117.47299515100556,1bf039bc1d9d96709ecdc01c3793bce0700555b74359d61f0e7be245d629d2a0,1435,oss120b-c/tsvc_2_s1232__submitted.c
oss120b,c,0,tsvc_2_s1244,w3,611564,llr8w3-oss120b-c.n0.p12.w12,1787963049121,3.947749452733645,efdac45e247782aa9507bd2f00b3a3cbd2f810faa78b06cfc1051a2861438ad5,1423,oss120b-c/tsvc_2_s1244__submitted.c
oss120b,c,0,tsvc_2_s152,w3,611564,llr8w3-oss120b-c.n0.p14.w14,1787961620346,4.492907124990357,43fe9e1629e7b4f675b477aad6f6f28c0c3ff1ca427a73a845c26530755bc749,387,oss120b-c/tsvc_2_s152__submitted.c
oss120b,c,0,tsvc_2_s2275,w6,612293,llr8w4-oss120b-c.n0.p5.w5,1788028462584,127.20642052948132,eb1820e284981697a64ca5c6a409c13fb8d7a457d8e32e57d7d02a935dc75acc,2481,oss120b-c/tsvc_2_s2275__submitted.c
oss120b,c,0,tsvc_2_s231,w3,611564,llr8w3-oss120b-c.n0.p17.w17,1787962342452,17.91424036030242,c93752b27cede34af35e81a0f0ea90c7430abe2c2f46d82aeff9bf8003a912cc,689,oss120b-c/tsvc_2_s231__submitted.c
oss120b,c,0,tsvc_2_s233,w3,611564,llr8w3-oss120b-c.n0.p18.w18,1787962364770,1.8904618694795547,8d33670a327da03aef14d7713a039906a7b0210280c5d1559b03e596dc4c4ef1,1929,oss120b-c/tsvc_2_s233__submitted.c
oss120b,c,0,tsvc_2_s235,w6,612293,llr8w4-oss120b-c.n0.p6.w6,1788028395087,32.87018873304345,f0ee2235cc8e2da76d8255be1ba828fbf321fa74dd6d7b77b6cfcb39231a8e06,814,oss120b-c/tsvc_2_s235__submitted.c
oss120b,c,0,tsvc_2_s252,w3,611564,llr8w3-oss120b-c.n0.p20.w20,1787962426920,3.987226947260982,2f7e413636e975732a02f38e88f67bae64a050894966dfcd6debf9c3477bec02,1386,oss120b-c/tsvc_2_s252__submitted.c
oss120b,c,0,tsvc_2_s255,w3,611564,llr8w3-oss120b-c.n0.p21.w21,1787962183635,1.07213535210701,65344e3dc9a0ce54657ac0f1f5e7e4101da1385e012732de145e37b782f378e0,1200,oss120b-c/tsvc_2_s255__submitted.c
oss120b,c,0,tsvc_2_s2710,w3,611564,llr8w3-oss120b-c.n0.p22.w22,1787962616082,21.85877766087489,eabfdd9d2ca59cfaefb282ac2cba7b94b2849b38d174253351f17ddea5205dc6,1101,oss120b-c/tsvc_2_s2710__submitted.c
oss120b,c,0,tsvc_2_s275,w3,611564,llr8w3-oss120b-c.n0.p23.w23,1787962150061,10.677927314845235,4046f55ee84d2d7f80466a5dcf742d54d7445668ec4a595259fb76e44d9df5a7,1460,oss120b-c/tsvc_2_s275__submitted.c
oss120b,c,0,tsvc_2_s311,w3,611564,llr8w3-oss120b-c.n0.p24.w24,1787963790845,5.877660989467873,e1b93cbc331bcaa5293810b0b9cf683b8b061cd93df5748c9b63c5e83478f4f0,1037,oss120b-c/tsvc_2_s311__submitted.c
oss120b,c,0,tsvc_2_s3110,w3,611564,llr8w3-oss120b-c.n0.p25.w25,1787961994836,10.363891052076271,bfe6545033ec475e056b1fb4b6d09a7bc409bf396c535287e2568814db3aad94,4139,oss120b-c/tsvc_2_s3110__submitted.c
oss120b,c,0,tsvc_2_s3111,w3,611564,llr8w3-oss120b-c.n0.p26.w26,1787962049627,3.756148147544384,d0028eb4b30b3591747b65bdbea27b887ad3049da1987ceb2073b7c5c06b30d3,441,oss120b-c/tsvc_2_s3111__submitted.c
oss120b,c,0,tsvc_2_s3112,w3,611564,llr8w3-oss120b-c.n0.p27.w27,1787974656976,1.0,b35dca57c647dc1e768604e53210d083198e5496bb3acf63d87b6b1e12fad4c5,1397,oss120b-c/tsvc_2_s3112__submitted.c
oss120b,c,0,tsvc_2_s316,w3,611564,llr8w3-oss120b-c.n0.p28.w28,1787961762547,11.913025513165806,9d5b665cf602a0ec6b9afe9b4b0824dfab706c92dfc860590e96e7d797498739,994,oss120b-c/tsvc_2_s316__submitted.c
oss120b,c,0,tsvc_2_s318,w3,611564,llr8w3-oss120b-c.n0.p29.w29,1787962762792,14.392232749317758,e1b69402ef8a73bf3270dacfb9ba340baa43cc73f4ec60376b25541b283d03b1,2240,oss120b-c/tsvc_2_s318__submitted.c
oss120b,c,0,tsvc_2_s319,w4,612046,llr8w4-oss120b-c.n0.p7.w7,1788000096701,7.0305493554939815,dce6f5020fffffe4f93291702420e4f9cac297aa17d01012d9f8678d7df8e2e1,1169,oss120b-c/tsvc_2_s319__submitted.c
oss120b,c,0,tsvc_2_s323,w4,612046,llr8w4-oss120b-c.n0.p8.w8,1788000252384,1.01,006aaa9ab2496482c50c06b5d4a0d8115a11df3311159fb08648d777d722000a,2425,oss120b-c/tsvc_2_s323__submitted.c
oss120b,c,0,tsvc_2_s4112,w3,611564,llr8w3-oss120b-c.n0.p32.w32,1787962099210,22.746331687604833,566de9b6cf4cb2e4bd1ef03bf26a171a9d27bb4d16674a83cee02d4d6719dbce,792,oss120b-c/tsvc_2_s4112__submitted.c
oss120b,c,0,tsvc_2_vag,w3,611564,llr8w3-oss120b-c.n0.p33.w33,1787961536543,21.42807338581991,2e6a57eff382615d5ff1ad2bb167c78010744d7c989e22155554d9c33142aab8,427,oss120b-c/tsvc_2_vag__submitted.c
oss120b,c,0,tsvc_2_vpvts,w3,611564,llr8w3-oss120b-c.n0.p34.w34,1787962236642,4.629046703784691,f69f59cc7d640e882a19170c55fe039d3783853eccd0dc96264d402fa562c132,1266,oss120b-c/tsvc_2_vpvts__submitted.c
oss120b,c,0,tsvc_2_vtvtv,w3,611564,llr8w3-oss120b-c.n0.p35.w35,1787962796565,4.865174608059988,d05374ab6b12cb740d53d46cac495ad23e72f637e6b26907f66379fb47074680,1231,oss120b-c/tsvc_2_vtvtv__submitted.c
oss120b,c,0,versioned_distance_update,v9,618220,llr40v9-oss120b-c.n0.p5.w5,1788301924865,19.78846626192444,0820cff23c7981874d82a76f7c40e2882eb807eb25c7b814f75dbe555b8ab616,8510,oss120b-c/versioned_distance_update__submitted.c
oss120b,c,0,wf_diff_skew,w3,611564,llr8w3-oss120b-c.n0.p37.w37,1787962973319,2.4003849374066086,7a73bd18354e0ee33f660c4e53eafc75975fc848b61e9fbf883f577f7c713efd,759,oss120b-c/wf_diff_skew__submitted.c
oss120b,c,0,wf_triangular,w3,611564,llr8w3-oss120b-c.n0.p39.w39,1787962444745,1.8904618694795547,a53979b40e9c44f5e93966c6cdab6fe720d5230bd769133d64e55b27397afa05,1791,oss120b-c/wf_triangular__submitted.c
oss120b,c,1,argmax_with_index,v9,618229,llr40v9-oss120b-c-skills.n0.p0.w0,1788332906647,15.277645075540432,e2d72313fcc2a89428c84bc667dbb6f4e8c21c7eb04ece1715e9da722c220278,1445,oss120b-c-skills/argmax_with_index__submitted.c
oss120b,c,1,compact_threshold_pack,v9,618229,llr40v9-oss120b-c-skills.n0.p1.w1,1788333957319,11.334835011361045,6150ab40187a2384e8adfecf1a575eedd516d7c66541c40f09f83cfe904b5e4c,4439,oss120b-c-skills/compact_threshold_pack__submitted.c
oss120b,c,1,ext_break_capture,w3,611565,llr8w3-oss120b-c-skills.n0.p1.w1,1787963433907,7.316017851829954,04bfeab0a50d16949ca89bb9ceecde4c6343a9a3b1468f42f232cf8260d779a8,3129,oss120b-c-skills/ext_break_capture__submitted.c
oss120b,c,1,ext_war_unit,w3,611565,llr8w3-oss120b-c-skills.n0.p4.w4,1787963301882,1.196147475686665,05fa8012d1bc5684731159624f7c5ff9106306b07f95ab3ed2f5047358f80eda,2345,oss120b-c-skills/ext_war_unit__submitted.c
oss120b,c,1,fuse_diamond,w3,611565,llr8w3-oss120b-c-skills.n0.p5.w5,1787963232889,59.123924111384774,39b4cf1df2fcd507de5205c51c901d5a0096740de51beb46b9f5cd018f4d4004,416,oss120b-c-skills/fuse_diamond__submitted.c
oss120b,c,1,fuse_move_ifs,w6,612294,llr8w4-oss120b-c-skills.n0.p0.w0,1788028518798,8.081435189034718,047d76a4d328ae41def3f34fb0d2ff44edffbc35ef681bc8047e9dbc740f2424,999,oss120b-c-skills/fuse_move_ifs__submitted.c
oss120b,c,1,fuse_stencil_through_transient,w6,612294,llr8w4-oss120b-c-skills.n0.p1.w1,1788028397084,23.669923966911657,c37b283dbd169271f50f348aee40945ff3a8a61a844d931812634971afdb88d7,335,oss120b-c-skills/fuse_stencil_through_transient__submitted.c
oss120b,c,1,quasi_affine_reduce_odd,w6,612294,llr8w4-oss120b-c-skills.n0.p2.w2,1788028607243,10.261278269382446,132331e5470ee080244a64be068175bba34d751865317bcc1ce3a64537327aeb,726,oss120b-c-skills/quasi_affine_reduce_odd__submitted.c
oss120b,c,1,tsvc_2_s115,w3,611565,llr8w3-oss120b-c-skills.n0.p9.w9,1787961981462,1.0,978203d2b321c84ba83b21c6b815371b19db74b940294e0a30ec16f0993286a3,459,oss120b-c-skills/tsvc_2_s115__submitted.c
oss120b,c,1,tsvc_2_s119,w3,611565,llr8w3-oss120b-c-skills.n0.p10.w10,1787963351366,1.2824319950172338,255e06376780760c9282e0cf3ae0abc02a58312aad3ee54843de7a06fc32b6e4,1234,oss120b-c-skills/tsvc_2_s119__submitted.c
oss120b,c,1,tsvc_2_s1232,w3,611565,llr8w3-oss120b-c-skills.n0.p11.w11,1787961906640,116.30989618911443,93a21141e14d720041be800722d92242ecd41eae7b5d63ba64a57383c7020c3e,1240,oss120b-c-skills/tsvc_2_s1232__submitted.c
oss120b,c,1,tsvc_2_s1244,w3,611565,llr8w3-oss120b-c-skills.n0.p12.w12,1787963079254,3.609584540755694,64203b8b7cace681f0eaceb5f939316ba8347c0410daa65ce73b52e750a7e2ab,2577,oss120b-c-skills/tsvc_2_s1244__submitted.c
oss120b,c,1,tsvc_2_s152,w3,611565,llr8w3-oss120b-c-skills.n0.p14.w14,1787962145186,5.592392754863413,4a776aa031c5b68548cd286cdaa52bb6ec358c8cbf72ce47f45540afe6979607,572,oss120b-c-skills/tsvc_2_s152__submitted.c
oss120b,c,1,tsvc_2_s2275,w6,612294,llr8w4-oss120b-c-skills.n0.p4.w4,1788028359141,107.4102377393066,efd79b6ec4d3940017c3ed71816f20c3c99fda865d87c61ee1225462fdfb9716,1061,oss120b-c-skills/tsvc_2_s2275__submitted.c
oss120b,c,1,tsvc_2_s231,w3,611565,llr8w3-oss120b-c-skills.n0.p17.w17,1787962928145,23.669923966911657,33fce5fe091784f2bda80ce7ffa81b56647800c68df42aca7b0611b5886d67c5,1933,oss120b-c-skills/tsvc_2_s231__submitted.c
oss120b,c,1,tsvc_2_s233,w3,611565,llr8w3-oss120b-c-skills.n0.p18.w18,1787961969454,28.881805470751278,7372dc0e51896bdbdebe5731c08438a488d5344694a76fb6542b8f3b4631cc52,806,oss120b-c-skills/tsvc_2_s233__submitted.c
oss120b,c,1,tsvc_2_s235,w6,612294,llr8w4-oss120b-c-skills.n0.p5.w5,1788028523557,23.203532954525688,02a2182321a96a7bfd13bdac1d973e50dda02e219cc89a34a3af4602ee6f6771,492,oss120b-c-skills/tsvc_2_s235__submitted.c
oss120b,c,1,tsvc_2_s252,w3,611565,llr8w3-oss120b-c-skills.n0.p20.w20,1787962358507,4.722090542530763,367b696674330a72503918d55a1176901b7e70c3b9f44daad80437baf80f2b04,516,oss120b-c-skills/tsvc_2_s252__submitted.c
oss120b,c,1,tsvc_2_s255,w3,611565,llr8w3-oss120b-c-skills.n0.p21.w21,1787962238797,5.704799849236167,2e07ff7c55b2ee740f424f6019c3e4efaafd545d5465c821dd444c566d80c396,1936,oss120b-c-skills/tsvc_2_s255__submitted.c
oss120b,c,1,tsvc_2_s2710,w3,611565,llr8w3-oss120b-c-skills.n0.p22.w22,1787961841101,22.746331687604833,483a585813a4a5da7c4873fdb99f7043a17b28621c91b01e4089950fb2b4f6df,3051,oss120b-c-skills/tsvc_2_s2710__submitted.c
oss120b,c,1,tsvc_2_s275,w3,611565,llr8w3-oss120b-c-skills.n0.p23.w23,1787962430096,9.382295369303986,1f262b861ef969668c028ae07af3186d873abe4b4a4cbe8e94042b95d5380c0f,1601,oss120b-c-skills/tsvc_2_s275__submitted.c
oss120b,c,1,tsvc_2_s311,w4,612047,llr8w4-oss120b-c-skills.n0.p6.w6,1787999880752,20.388076578127013,3eff254ac390b61279c791b9b28e6c5fa6dfc8153dcffa9583f6c36fa31da892,418,oss120b-c-skills/tsvc_2_s311__submitted.c
oss120b,c,1,tsvc_2_s3110,w3,611565,llr8w3-oss120b-c-skills.n0.p25.w25,1787962580519,9.959495593406631,1dca6670a27500410ebe63e60d73c903dcc42a6901f4c0d5a4aeea26b15929a7,1045,oss120b-c-skills/tsvc_2_s3110__submitted.c
oss120b,c,1,tsvc_2_s3111,w12,613038,llr8w12-oss120b-c-skills.n0.p1.w1,1788089152757,21.21591424338605,a42b8b79f952f094a72ad39478241d04aa35aea4657c1b7f7734c2a5baa31a39,350,oss120b-c-skills/tsvc_2_s3111__submitted.c
oss120b,c,1,tsvc_2_s3112,w4,612047,llr8w4-oss120b-c-skills.n0.p8.w8,1788000235422,1.0,4c347214be99c3dd55fe21f00d454905aba9a066458bb9cc6c45e0fa0e2aed59,298,oss120b-c-skills/tsvc_2_s3112__submitted.c
oss120b,c,1,tsvc_2_s316,w3,611565,llr8w3-oss120b-c-skills.n0.p28.w28,1787961857666,11.678291847040295,cba8b78dfd5107f94610f77832025e84937b6aabdf8623793475e0dc1cf4cd5e,437,oss120b-c-skills/tsvc_2_s316__submitted.c
oss120b,c,1,tsvc_2_s318,w3,611565,llr8w3-oss120b-c-skills.n0.p29.w29,1787963059045,13.558134286164345,d5d6d6e37e1b50690e4b7a99bed2524c2893005ac15225ecb15daca742172d54,1827,oss120b-c-skills/tsvc_2_s318__submitted.c
oss120b,c,1,tsvc_2_s319,w3,611565,llr8w3-oss120b-c-skills.n0.p30.w30,1787962377004,7.316017851829954,4f2e4f8c54ec5c11725ae807c7dfbc15a54c1591407a84e755f02d171dbe3565,573,oss120b-c-skills/tsvc_2_s319__submitted.c
oss120b,c,1,tsvc_2_s323,w3,611565,llr8w3-oss120b-c-skills.n0.p31.w31,1787963106712,1.01,4ce7e610939aa4c2484a37accb4dfbac448c863f999bcc3c46c3856a9835804b,741,oss120b-c-skills/tsvc_2_s323__submitted.c
oss120b,c,1,tsvc_2_s4112,w3,611565,llr8w3-oss120b-c-skills.n0.p32.w32,1787962034449,22.52112048277706,869bdebcc61366e463677799df3ee0ba362aa4ec4025323c8684e9a96f9eaf26,438,oss120b-c-skills/tsvc_2_s4112__submitted.c
oss120b,c,1,tsvc_2_vag,w3,611565,llr8w3-oss120b-c-skills.n0.p33.w33,1787961674917,21.005855686520842,2dd142b8e95b7926d13929a6ef7e476c468f6ea05a9e68db1b6b478fc75ee766,345,oss120b-c-skills/tsvc_2_vag__submitted.c
oss120b,c,1,tsvc_2_vpvts,w3,611565,llr8w3-oss120b-c-skills.n0.p34.w34,1787963143939,5.4279213112123665,fb90f5fb9950971ca31bd264a60966b77e1a89b4ec8c7b59b20333b6258cee20,335,oss120b-c-skills/tsvc_2_vpvts__submitted.c
oss120b,c,1,tsvc_2_vtvtv,w4,612047,llr8w4-oss120b-c-skills.n0.p9.w9,1787999741192,4.865174608059988,84f5f3c88f809ded9ddec227af28af59843bc14e610d76239b1187ac05eb4334,405,oss120b-c-skills/tsvc_2_vtvtv__submitted.c
oss120b,c,1,versioned_distance_update,v9,618229,llr40v9-oss120b-c-skills.n0.p5.w5,1788336061250,3.609584540755694,012ad7ca021bcae9e35f574d1159563f47218916035a4d9d53e967e2f467a0c5,517,oss120b-c-skills/versioned_distance_update__submitted.c
oss120b,c,1,wf_diff_skew,w3,611565,llr8w3-oss120b-c-skills.n0.p37.w37,1787962802039,3.0176751731082003,8d50b4118a63e64b15789dc07e414de758afad533eb41eb6e42ca2ad42bb6a90,1389,oss120b-c-skills/wf_diff_skew__submitted.c
oss120b,c,1,wf_triangular,w3,611565,llr8w3-oss120b-c-skills.n0.p39.w39,1787962672340,1.9868944241538464,f02bd6daf99ec42aba77a37424e2fabbd08d8e1118b9c1533c93d12b1cf1118c,1183,oss120b-c-skills/wf_triangular__submitted.c
oss120b,fortran,0,argmax_with_index,v9,618222,llr40v9-oss120b-fortran.n0.p0.w0,1788298059983,15.430421526295836,e7f4a3b302c779da0e3fca0a1f8924067d32f2a74c62283c7c681035b779004e,2076,oss120b-fortran/argmax_with_index__submitted.f90
oss120b,fortran,0,ext_war_unit,w2,610668,llr8-oss120b-fortran.n0.p4.w4,1787918019059,1.0201,2b022ee5971d2c80fef6f1f8e9415e40737af37ee9d41bd83f3502f3ddfddd62,519,oss120b-fortran/ext_war_unit__submitted.f90
oss120b,fortran,0,fuse_diamond,w2,610668,llr8-oss120b-fortran.n0.p5.w5,1787917522303,60.31231498602361,6ff2ec51935f9542fee26c262f8f15d8a702ac54ea29cf152c57e5b12471e54a,562,oss120b-fortran/fuse_diamond__submitted.f90
oss120b,fortran,0,fuse_move_ifs,w12,613041,llr8w12-oss120b-fortran.n0.p1.w1,1788089644289,5.320969817873117,663a1994b0ace2bd27e35cc9c2fae764b8ecb5f3b9760c3f566f5226616cde39,1048,oss120b-fortran/fuse_move_ifs__submitted.f90
oss120b,fortran,0,fuse_stencil_through_transient,w12,613041,llr8w12-oss120b-fortran.n0.p2.w2,1788089275659,23.435568284070946,2d13bb51ad4e8c0ba9ff5a4fb451821bec616360e9f6d66a5013c7b223d88e12,710,oss120b-fortran/fuse_stencil_through_transient__submitted.f90
oss120b,fortran,0,scan_affine_decay,v9,618222,llr40v9-oss120b-fortran.n0.p2.w2,1788300681938,1.0,bba6736f15d1dbf5c054ff91f562643261543f5bd5af560c42bbf9b4397b9c8d,593,oss120b-fortran/scan_affine_decay__submitted.f90
oss120b,fortran,0,scatter_accum_dup,v9,618222,llr40v9-oss120b-fortran.n0.p3.w3,1788301276749,10.059090549340699,04235fb83f5520202e9360f38295b02c2b017ebad21dd10a3438059af341246e,678,oss120b-fortran/scatter_accum_dup__submitted.f90
oss120b,fortran,0,tsvc_2_s115,w13,613254,llr8w13-oss120b-fortran.n0.p1.w1,1788105259865,1.0510100501000001,941af770cdd727dee2dac50f3fccb0195d9c46109777d38465fe2351fb94707a,803,oss120b-fortran/tsvc_2_s115__submitted.f90
oss120b,fortran,0,tsvc_2_s119,w2,610668,llr8-oss120b-fortran.n0.p10.w10,1787918089174,1.1725786449236988,cdc54110d742ab14ff8b221590e280e8dc9b829f3d185cd966d09f387b4bfe84,1216,oss120b-fortran/tsvc_2_s119__submitted.f90
oss120b,fortran,0,tsvc_2_s1232,w2,610668,llr8-oss120b-fortran.n0.p11.w11,1787918188519,1.5187898946333447,28b44f873508761b6a63b5c585c7a9ba90c3c381e76750265b0d972625b5aa84,1350,oss120b-fortran/tsvc_2_s1232__submitted.f90
oss120b,fortran,0,tsvc_2_s1244,w2,610668,llr8-oss120b-fortran.n0.p12.w12,1787917289802,3.609584540755694,2fb9c91239d9a3bad0775e15ef1a4e366b47ce4ab502b73fb057a8e1ebd074c1,983,oss120b-fortran/tsvc_2_s1244__submitted.f90
oss120b,fortran,0,tsvc_2_s152,w2,610668,llr8-oss120b-fortran.n0.p14.w14,1787916563919,4.3175954367025335,604d16668e14703fd8af84dd84d0d4570cc1a211939b4fc7e2bfcaad34917b7c,765,oss120b-fortran/tsvc_2_s152__submitted.f90
oss120b,fortran,0,tsvc_2_s2275,w12,613041,llr8w12-oss120b-fortran.n0.p5.w5,1788089256117,125.94695101928843,87c5d4bc536accf4d2127f593283a132d8bfc7ecadd3c51cd9a5cb2c9596b4df,1057,oss120b-fortran/tsvc_2_s2275__submitted.f90
oss120b,fortran,0,tsvc_2_s231,w4,612048,llr8w4-oss120b-fortran.n0.p7.w7,1788000115801,23.203532954525688,aa80d417e81767f017e81600658ecad54a700d2efacbe22d35b205b133af7483,993,oss120b-fortran/tsvc_2_s231__submitted.f90
oss120b,fortran,0,tsvc_2_s233,w2,610668,llr8-oss120b-fortran.n0.p18.w18,1787918216887,1.9477447545866546,c451d089f9b10625a5e1101381ab47b8865bea0e4f6c499c9c15d8f5f4540774,985,oss120b-fortran/tsvc_2_s233__submitted.f90
oss120b,fortran,0,tsvc_2_s235,w12,613041,llr8w12-oss120b-fortran.n0.p7.w7,1788089360804,16.05695851625377,b3acd03010ed380f73480af4fa8954d2935be478cd2244e5744b63bd96efcb16,925,oss120b-fortran/tsvc_2_s235__submitted.f90
oss120b,fortran,0,tsvc_2_s252,w2,610668,llr8-oss120b-fortran.n0.p20.w20,1787918317802,2.7048138294215285,c0e6f8ab85067267089e479e4aa89ab4612c9fa3beeffdb6238fa165dd5e1ff4,622,oss120b-fortran/tsvc_2_s252__submitted.f90
oss120b,fortran,0,tsvc_2_s255,w2,610668,llr8-oss120b-fortran.n0.p21.w21,1787917264659,5.537022529567735,d0935645012069988598391200bb873a30f7985a2685d710008974bade104690,1031,oss120b-fortran/tsvc_2_s255__submitted.f90
oss120b,fortran,0,tsvc_2_s2710,w2,610668,llr8-oss120b-fortran.n0.p22.w22,1787917442190,21.42807338581991,2f41a5b5b48041e4fc2b2049a986203fd35194978da9bcfee417fec41621c7f5,1474,oss120b-fortran/tsvc_2_s2710__submitted.f90
oss120b,fortran,0,tsvc_2_s275,w4,612048,llr8w4-oss120b-fortran.n0.p9.w9,1788000324250,23.435568284070946,57087576a1f5a2b587b91e077e065391a062afb16c568af18f39866c6c2eabc7,890,oss120b-fortran/tsvc_2_s275__submitted.f90
oss120b,fortran,0,tsvc_2_s311,w12,613041,llr8w12-oss120b-fortran.n0.p8.w8,1788089292061,20.388076578127013,cbff20583f051464c3d0d5856be4323ac421ff9b835b92146da5f528b2d574ed,700,oss120b-fortran/tsvc_2_s311__submitted.f90
oss120b,fortran,0,tsvc_2_s3110,w2,610668,llr8-oss120b-fortran.n0.p25.w25,1787916744368,2.1091284683560785,d41e79a0eb2ceabfd5d303e6256016c6008efd95cd6496a822fb7d320a8e1a62,2201,oss120b-fortran/tsvc_2_s3110__submitted.f90
oss120b,fortran,0,tsvc_2_s3111,w12,613041,llr8w12-oss120b-fortran.n0.p9.w9,1788089389823,21.21591424338605,4fd5cec0cdf2f2ccaad6a788b36c935a393a5d3b8ab7256b4673224af189a639,621,oss120b-fortran/tsvc_2_s3111__submitted.f90
oss120b,fortran,0,tsvc_2_s3112,w2,610668,llr8-oss120b-fortran.n0.p27.w27,1787917823224,1.0,e436955c23cc8185dc06733a46e4de894eb0454b15279a591cd5fdf98cf38d02,690,oss120b-fortran/tsvc_2_s3112__submitted.f90
oss120b,fortran,0,tsvc_2_s316,w2,610668,llr8-oss120b-fortran.n0.p28.w28,1787917086278,11.448183361474655,d006bd27ee6e95ec48ade5b15dd780b080bda19ae5a2e2cf072ebe9d11575b98,702,oss120b-fortran/tsvc_2_s316__submitted.f90
oss120b,fortran,0,tsvc_2_s318,w4,612048,llr8w4-oss120b-fortran.n0.p12.w12,1788000119713,2.088246008273345,2f9c525ca4303db3584407577d6ee5bf712b86b8f2b1501b293bc2c1926e0091,1634,oss120b-fortran/tsvc_2_s318__submitted.f90
oss120b,fortran,0,tsvc_2_s319,w2,610668,llr8-oss120b-fortran.n0.p30.w30,1787916965933,6.823781938961509,1260c90c6c613e174587fbff18df0a5a76bbba65d19635ba3384b933e47ee759,1602,oss120b-fortran/tsvc_2_s319__submitted.f90
oss120b,fortran,0,tsvc_2_s323,w2,610668,llr8-oss120b-fortran.n0.p31.w31,1787918391417,1.01,5d051246fb78aa800f3601e390e4f19826ee3e96c4a7320cc5a73843151bcbf1,635,oss120b-fortran/tsvc_2_s323__submitted.f90
oss120b,fortran,0,tsvc_2_s4112,w2,610668,llr8-oss120b-fortran.n0.p32.w32,1787918145444,22.52112048277706,03b23cac25f045c24ad80070db75e36daaee572accbf95e601918317de431c26,570,oss120b-fortran/tsvc_2_s4112__submitted.f90
oss120b,fortran,0,tsvc_2_vag,w4,612048,llr8w4-oss120b-fortran.n0.p13.w13,1787999761452,21.64235411967811,4c75ddc53ae9e35b826341c2ff65d76d1178f2c30074ed55f6203b293446d139,571,oss120b-fortran/tsvc_2_vag__submitted.f90
oss120b,fortran,0,tsvc_2_vpvts,w2,610668,llr8-oss120b-fortran.n0.p34.w34,1787917709563,4.675337170822537,130a969b8f397e12d4bb0b5e00b6f5d87679c2f177ddf30b69bdc9d4c60636b6,654,oss120b-fortran/tsvc_2_vpvts__submitted.f90
oss120b,fortran,0,tsvc_2_vtvtv,w2,610668,llr8-oss120b-fortran.n0.p35.w35,1787916796690,4.629046703784691,a05633716758397d49af8b762b48e2ac763c1a4cec12f0513c46533b93bfed45,652,oss120b-fortran/tsvc_2_vtvtv__submitted.f90
oss120b,fortran,0,versioned_distance_update,v9,618222,llr40v9-oss120b-fortran.n0.p5.w5,1788302449307,3.5738460799561325,294cfbcf696db078d6d1aaab9370589c7039606eb9a9ca404c7dfa1a77cb8257,878,oss120b-fortran/versioned_distance_update__submitted.f90
oss120b,fortran,0,wf_diff_skew,w2,610668,llr8-oss120b-fortran.n0.p37.w37,1787918213648,1.0,4471108175ffd407d011f614c0ebf417f7adfd23a93d9f67abad1d1edfa9ce86,1757,oss120b-fortran/wf_diff_skew__submitted.f90
oss120b,fortran,0,wf_triangular,w4,612048,llr8w4-oss120b-fortran.n0.p14.w14,1788000656820,2.1302197530396394,f36fab0e757b334c4a9b19faa54d3459466e0670db7e723761719954d5596e0c,996,oss120b-fortran/wf_triangular__submitted.f90
oss120b,fortran,1,argmax_with_index,v9,618231,llr40v9-oss120b-fortran-skills.n0.p0.w0,1788333039871,3.7937096290198276,65b1d11beaccb511826cf74f5cc1f7252d24f1aaa28acafc41f138cd085c5926,1593,oss120b-fortran-skills/argmax_with_index__submitted.f90
oss120b,fortran,1,ext_break_capture,w4,612049,llr8w4-oss120b-fortran-skills.n0.p0.w0,1788000477688,1.07213535210701,cc7738f3be754cbc704bcc67e1e354368ace97ecb6f0106328481a0f05ca7684,980,oss120b-fortran-skills/ext_break_capture__submitted.f90
oss120b,fortran,1,ext_war_unit,w2,610653,llr8-oss120b-fortran-skills.n0.p4.w4,1787914937581,1.0,927e33738d47abdd0004a4c3dede325fce4e744f07039facbf7405f238d6f5b3,679,oss120b-fortran-skills/ext_war_unit__submitted.f90
oss120b,fortran,1,fuse_diamond,w4,612049,llr8w4-oss120b-fortran-skills.n0.p1.w1,1788000042425,60.31231498602361,72b11086847417fb9e3203036dc849b2a724400ba4e38831cb61d9eba3088f7b,556,oss120b-fortran-skills/fuse_diamond__submitted.f90
oss120b,fortran,1,fuse_move_ifs,w12,613040,llr8w12-oss120b-fortran-skills.n0.p0.w0,1788089393490,5.995801975356177,6dfc1fd9c25004998970eacaca06cae972604ce63263d37d845899e2ba516e7c,745,oss120b-fortran-skills/fuse_move_ifs__submitted.f90
oss120b,fortran,1,fuse_stencil_through_transient,w12,613040,llr8w12-oss120b-fortran-skills.n0.p1.w1,1788089538815,23.435568284070946,ae0e89a03dd2a0206925009e5b73f3e09c5fd1d5510400df89282bc4675b2cbb,840,oss120b-fortran-skills/fuse_stencil_through_transient__submitted.f90
oss120b,fortran,1,quasi_affine_reduce_odd,w4,612049,llr8w4-oss120b-fortran-skills.n0.p4.w4,1787999701318,10.572205262223004,54eac475c63ecbe67d05a76b4fe7cd61a49d16062f5d7bfe898f9cbd06cee673,627,oss120b-fortran-skills/quasi_affine_reduce_odd__submitted.f90
oss120b,fortran,1,scatter_accum_dup,v9,618231,llr40v9-oss120b-fortran-skills.n0.p3.w3,1788334825563,9.476118322997024,2f655af45267acf265ae62e60afb570214202c331f651b35381fd16e74aabe77,767,oss120b-fortran-skills/scatter_accum_dup__submitted.f90
oss120b,fortran,1,segment_reduce_ragged,v9,618231,llr40v9-oss120b-fortran-skills.n0.p4.w4,1788335038714,11.22260892213965,914ab9bf0681ca1d2d6c74a5a818f900adc449652a8a10ba37cfc61a4055b947,2645,oss120b-fortran-skills/segment_reduce_ragged__submitted.f90
oss120b,fortran,1,tsvc_2_s115,w4,612049,llr8w4-oss120b-fortran-skills.n0.p5.w5,1788001323968,1.8532123022052296,1fafeacd54ecf8109c8a79757258f28689f1db22fe0991353d0208aac6b6baeb,699,oss120b-fortran-skills/tsvc_2_s115__submitted.f90
oss120b,fortran,1,tsvc_2_s119,w2,610653,llr8-oss120b-fortran-skills.n0.p10.w10,1787914750744,1.0,ba36af6d63251b8aba31eef94cb0a01c8e24d490fb752e1d27c28f56e02278e3,866,oss120b-fortran-skills/tsvc_2_s119__submitted.f90
oss120b,fortran,1,tsvc_2_s1232,w2,610653,llr8-oss120b-fortran-skills.n0.p11.w11,1787914265429,12.396742120232647,eb5ccd60e117a58f5a87fec219d5c3ec64eba63200007799d801168bfa989cd7,854,oss120b-fortran-skills/tsvc_2_s1232__submitted.f90
oss120b,fortran,1,tsvc_2_s1244,w2,610653,llr8-oss120b-fortran-skills.n0.p12.w12,1787913896193,1.0,53139302ee7f24edd9fa588f3c774e2dd5a0a1b324d0b2e25dbd6547e3bc592c,990,oss120b-fortran-skills/tsvc_2_s1244__submitted.f90
oss120b,fortran,1,tsvc_2_s152,w2,610653,llr8-oss120b-fortran-skills.n0.p14.w14,1787913853667,4.404379104980254,56750a6671e33d80f76b9f56011305550f95cbab56d7f61a4ded29d6a157520e,822,oss120b-fortran-skills/tsvc_2_s152__submitted.f90
oss120b,fortran,1,tsvc_2_s2275,w12,613040,llr8w12-oss120b-fortran-skills.n0.p2.w2,1788089225727,124.69995150424597,2b21f89a5ff6e1b19d68e3d709b4efd73e50ecc4aee645811cf1e57abe0d31f8,916,oss120b-fortran-skills/tsvc_2_s2275__submitted.f90
oss120b,fortran,1,tsvc_2_s231,w2,610653,llr8-oss120b-fortran-skills.n0.p17.w17,1787913904256,23.435568284070946,2d8e60a6547affc46f29fd7ebfaf03577edeed0243d01ece9076354c6f433ca7,645,oss120b-fortran-skills/tsvc_2_s231__submitted.f90
oss120b,fortran,1,tsvc_2_s233,w4,612049,llr8w4-oss120b-fortran-skills.n0.p8.w8,1787999992143,29.462329760713377,347aadf4f3df940e80701cc852a7468f9efb4b40570a551287920557881a8581,1081,oss120b-fortran-skills/tsvc_2_s233__submitted.f90
oss120b,fortran,1,tsvc_2_s235,w12,613040,llr8w12-oss120b-fortran-skills.n0.p4.w4,1788089210966,22.97379500448088,532b8485238ebdd251c79337b1905f9b50232eb732fb05f657b7a2fb5a114870,663,oss120b-fortran-skills/tsvc_2_s235__submitted.f90
oss120b,fortran,1,tsvc_2_s252,w2,610653,llr8-oss120b-fortran-skills.n0.p20.w20,1787914514360,2.5992729255593856,ed0af04334cac0750d418cd1c4e31d9a9d60fca11f992f8eb975304c2b1c91f8,1074,oss120b-fortran-skills/tsvc_2_s252__submitted.f90
oss120b,fortran,1,tsvc_2_s255,w2,610653,llr8-oss120b-fortran-skills.n0.p21.w21,1787914345152,5.648316682412047,874b2975a6d9c459883ad6ffc4c9af5e7652d336748ddf3111fdc244b3fbd2f4,804,oss120b-fortran-skills/tsvc_2_s255__submitted.f90
oss120b,fortran,1,tsvc_2_s2710,w2,610653,llr8-oss120b-fortran-skills.n0.p22.w22,1787913431634,21.85877766087489,8d5ac15712d1209166e6b2e255b5655d76481988f2fd91467ae5c2d1a3af48ba,1077,oss120b-fortran-skills/tsvc_2_s2710__submitted.f90
oss120b,fortran,1,tsvc_2_s275,w4,612049,llr8w4-oss120b-fortran-skills.n0.p10.w10,1788010013391,1.0,51200b713fb77a30d6261aeead8f8e5ec50b460213d9440807e0e0638e3df074,730,oss120b-fortran-skills/tsvc_2_s275__submitted.f90
oss120b,fortran,1,tsvc_2_s3110,w2,610653,llr8-oss120b-fortran-skills.n0.p25.w25,1787913551286,2.353087871195578,f358f4a612344a2d078d4151975af94d1b856c05f0eef5326741eaf3f65ba159,1382,oss120b-fortran-skills/tsvc_2_s3110__submitted.f90
oss120b,fortran,1,tsvc_2_s3111,w2,610653,llr8-oss120b-fortran-skills.n0.p26.w26,1787914507495,21.21591424338605,a80b125162139a9fb1ca2d47df53c07fbcb14e67c53d6782320f14ef4d6b468e,1253,oss120b-fortran-skills/tsvc_2_s3111__submitted.f90
oss120b,fortran,1,tsvc_2_s3112,w12,613040,llr8w12-oss120b-fortran-skills.n0.p6.w6,1788089754105,1.0,e721428dbf80e86dc86ff54064203cd46ce951ef8370fb3a97334627eae2868b,552,oss120b-fortran-skills/tsvc_2_s3112__submitted.f90
oss120b,fortran,1,tsvc_2_s316,w2,610653,llr8-oss120b-fortran-skills.n0.p28.w28,1787913697796,12.520709541434973,fd3885f19bda48e224557a1ba301c57ad26ad637b903d2a764c9a110ffc9d67a,787,oss120b-fortran-skills/tsvc_2_s316__submitted.f90
oss120b,fortran,1,tsvc_2_s318,w2,610653,llr8-oss120b-fortran-skills.n0.p29.w29,1787915397722,1.0,b5325df0f438f8fd75749b6887cb4259f44953dd86e58bd6c508866a0b97079d,881,oss120b-fortran-skills/tsvc_2_s318__submitted.f90
oss120b,fortran,1,tsvc_2_s319,w2,610653,llr8-oss120b-fortran-skills.n0.p30.w30,1787914116124,6.8920197583511245,f4a1d388e18b66482d0d623d45a4e1754d16d069b4fe64d15e8a9fd9360b394c,988,oss120b-fortran-skills/tsvc_2_s319__submitted.f90
oss120b,fortran,1,tsvc_2_s323,w14,613359,llr8w14-oss120b-fortran-skills.n0.p0.w0,1788127212501,1.01,727583ac7a67cf5c0e0a31e8abc6ad29fc7a971cd8f98b6ba93dc2b2cd7b8838,492,oss120b-fortran-skills/tsvc_2_s323__submitted.f90
oss120b,fortran,1,tsvc_2_s4112,w2,610653,llr8-oss120b-fortran-skills.n0.p32.w32,1787913340192,22.52112048277706,aa0973de87959beef8830dd73ea681f27afcec8b14de7cb78292b51352bb1f45,550,oss120b-fortran-skills/tsvc_2_s4112__submitted.f90
oss120b,fortran,1,tsvc_2_vag,w2,610653,llr8-oss120b-fortran-skills.n0.p33.w33,1787913300159,22.52112048277706,78ae882967f5a29347da2d574eabe4c9e472efb60508a106977890a4260d56e5,504,oss120b-fortran-skills/tsvc_2_vag__submitted.f90
oss120b,fortran,1,tsvc_2_vpvts,w2,610653,llr8-oss120b-fortran-skills.n0.p34.w34,1787914298506,4.404379104980254,f2eb8a3cb16b4959127e979eeadc84222d5a6879ebb48b9448ad6f8dc552e7d1,609,oss120b-fortran-skills/tsvc_2_vpvts__submitted.f90
oss120b,fortran,1,tsvc_2_vtvtv,w2,610653,llr8-oss120b-fortran-skills.n0.p35.w35,1787914072716,4.865174608059988,57cff8c285f615f6a92c8935e45f10fe04ac24e570e30cd3c2f77bef4eea5ff1,514,oss120b-fortran-skills/tsvc_2_vtvtv__submitted.f90
oss120b,fortran,1,versioned_distance_update,v9,618231,llr40v9-oss120b-fortran-skills.n0.p5.w5,1788335380917,3.609584540755694,f2a86de94b136d2d7e5aec9467b87f4064a4bc4ff6696e0c7e1ef07629071863,647,oss120b-fortran-skills/versioned_distance_update__submitted.f90
oss120b,fortran,1,wf_diff_skew,w2,610653,llr8-oss120b-fortran-skills.n0.p37.w37,1787914133916,2.006763368395385,dfac183d9a356a5e267b929b57974a8d32f7e5c084f5f7f946f05dd3d33b4e3f,717,oss120b-fortran-skills/wf_diff_skew__submitted.f90
oss120b,fortran,1,wf_triangular,w4,612049,llr8w4-oss120b-fortran-skills.n0.p15.w15,1788000430427,2.0675703052211336,22f6b54529da7c073af084760c416e8aa45af04de590e60fa2fc6da86a79b8d2,800,oss120b-fortran-skills/wf_triangular__submitted.f90
qwen38,c,0,argmax_with_index,v9,618217,llr40v9-qwen38-c.n0.p0.w0,1788303678649,20.797876917347367,71ecc997a63b92977df22e1a53895e07b0b2fd8a4af4c883d452bf5f7decacb4,6047,qwen38-c/argmax_with_index__submitted.c
qwen38,c,0,compact_threshold_pack,v9,618217,llr40v9-qwen38-c.n0.p1.w1,1788314201676,17.91424036030242,e3a0ad3cf2b595c5c24cb5762e0d88de260153cc93feb9ab7e8b3e89707ae01c,4902,qwen38-c/compact_threshold_pack__submitted.c
qwen38,c,0,ext_break_capture,w3,611560,llr8w3-qwen38-c.n0.p0.w0,1787972165217,6.960939955934635,d08bde42181e621dc3408c62933920abb8ba7760a1814b79baf6443de0fa06db,3325,qwen38-c/ext_break_capture__submitted.c
qwen38,c,0,ext_war_unit,w2,610669,llr8-qwen38-c.n0.p4.w4,1787919248961,5.164480882647999,59d18b4c78ec5ce1d97fc42bb6a9d58211f9aa093731d4d092c41b3cd0528fcd,3642,qwen38-c/ext_war_unit__submitted.c
qwen38,c,0,fuse_diamond,w2,610669,llr8-qwen38-c.n0.p5.w5,1787928079530,87.15590732362674,366ccb81a7f4dd3f81b7c08883eed74113341ded5b59c6ebb98cd67bd391487c,1336,qwen38-c/fuse_diamond__submitted.c
qwen38,c,0,fuse_move_ifs,w4,612042,llr8w4-qwen38-c.n0.p1.w1,1788004798236,7.389178030348253,cd16cd7beec0866fddce7e6030309761c5ee52700fa861ee7d270e14c112bd0a,1700,qwen38-c/fuse_move_ifs__submitted.c
qwen38,c,0,fuse_stencil_through_transient,w4,612042,llr8w4-qwen38-c.n0.p2.w2,1788012024044,24.14568943864658,69e0dd3dd7d4dc380c8ea9c15f6022838cdd3b6751757415524cd430144a8296,1306,qwen38-c/fuse_stencil_through_transient__submitted.c
qwen38,c,0,quasi_affine_reduce_odd,w3,611560,llr8w3-qwen38-c.n0.p2.w2,1787973235786,10.572205262223004,c431ae3dcf2e95330c1e54dd649211aaa0120b67178c3f793ff0818df4a5acad,5941,qwen38-c/quasi_affine_reduce_odd__submitted.c
qwen38,c,0,scan_affine_decay,v9,618217,llr40v9-qwen38-c.n0.p2.w2,1788325936957,6.557520318378851,61a18539f2bd2bc8c1319151e517572a489b2f37c7b62f099d2c610a7f89bd2a,15894,qwen38-c/scan_affine_decay__submitted.c
qwen38,c,0,tsvc_2_s115,w2,610669,llr8-qwen38-c.n0.p9.w9,1787918764231,4.274846967032212,6e353344fec3ae63b0489c2b8ae15e00224eb61e3a4aa3bca34b852695999f20,1718,qwen38-c/tsvc_2_s115__submitted.c
qwen38,c,0,tsvc_2_s119,w3,611560,llr8w3-qwen38-c.n0.p3.w3,1787969960087,3.7189585619251324,21bbc3e9ab45ad9f04ef65af92cff75156271fd1cf65d2f4c0eb16803b3e2d1c,2118,qwen38-c/tsvc_2_s119__submitted.c
qwen38,c,0,tsvc_2_s1232,w2,610669,llr8-qwen38-c.n0.p11.w11,1787919885631,166.4125686901623,b2cbca68b41a5e49e703a43295856151d0b0ba6921318dddd020491abe9d0c88,2347,qwen38-c/tsvc_2_s1232__submitted.c
qwen38,c,0,tsvc_2_s1244,w2,610669,llr8-qwen38-c.n0.p12.w12,1787922968603,4.7693114479560705,b438374437233e02edb444784c76a8f4b5466d9383ef3a2fbfe2212670d88d26,4117,qwen38-c/tsvc_2_s1244__submitted.c
qwen38,c,0,tsvc_2_s152,w2,610669,llr8-qwen38-c.n0.p14.w14,1787917465565,4.865174608059988,1df063cf1a0434d1f9ff397045cd5358239b6585adfe10c83f83c5a08c3067b1,378,qwen38-c/tsvc_2_s152__submitted.c
qwen38,c,0,tsvc_2_s2275,w2,610669,llr8-qwen38-c.n0.p16.w16,1787920142663,119.83420235354079,1c2875c6b6248e0fa3edb95f13127df4e0df6b0d066cbc32425a2aef6c941c47,2995,qwen38-c/tsvc_2_s2275__submitted.c
qwen38,c,0,tsvc_2_s231,w2,610669,llr8-qwen38-c.n0.p17.w17,1787923956509,86.29297754814527,c6bb399831cbd12e71f46bcfc795ad8e8249a215c60811f6f29e8b161e3a3264,2531,qwen38-c/tsvc_2_s231__submitted.c
qwen38,c,0,tsvc_2_s233,w4,612042,llr8w4-qwen38-c.n0.p5.w5,1788001975897,34.20485020506183,eb0cb6711c47d0888972dd64d666a8a9c7fe41ad0bfea3409ab3323ee512e2bc,4513,qwen38-c/tsvc_2_s233__submitted.c
qwen38,c,0,tsvc_2_s235,w4,612042,llr8w4-qwen38-c.n0.p6.w6,1788006189526,43.00107272595147,cd84b59026593ebe22de58b5ecfd3a8cfc9c5e675d47732e5dae6367af685004,2599,qwen38-c/tsvc_2_s235__submitted.c
qwen38,c,0,tsvc_2_s252,w2,610669,llr8-qwen38-c.n0.p20.w20,1787920837243,4.1906155936008345,1f6f469abe9ea9a271c1596a67d4028c7f50bb56fe00006950e057d4c228fa97,707,qwen38-c/tsvc_2_s252__submitted.c
qwen38,c,0,tsvc_2_s255,w2,610669,llr8-qwen38-c.n0.p21.w21,1787933154068,6.055759995109739,52097d04dc87a9cd365d37265d5160232980ad5226e9f8f8c810afe3fb01354d,1087,qwen38-c/tsvc_2_s255__submitted.c
qwen38,c,0,tsvc_2_s2710,w2,610669,llr8-qwen38-c.n0.p22.w22,1787926318542,40.1078769032695,11dbf7d4f85dddde263d575ae7bc5cdad235d3e003ac984fad25f28a4ce40834,3523,qwen38-c/tsvc_2_s2710__submitted.c
qwen38,c,0,tsvc_2_s275,w3,611560,llr8w3-qwen38-c.n0.p5.w5,1787963238977,1.0,4455d138ab3d81a8659cfd2dd4c15e7e46b7ab1ac95aacfa22ff8c3d682e442e,1144,qwen38-c/tsvc_2_s275__submitted.c
qwen38,c,0,tsvc_2_s311,w2,610669,llr8-qwen38-c.n0.p24.w24,1787924342657,20.388076578127013,34354a9af77dcf1c13c7ded769061722ef0ace8b24ee18ff5e6e4275158e73fb,3577,qwen38-c/tsvc_2_s311__submitted.c
qwen38,c,0,tsvc_2_s3110,w2,610669,llr8-qwen38-c.n0.p25.w25,1787928284826,14.249735395364118,5dfc7c6e2cb9c0a7df5fdf70ec107257ad49d8ef13b72d1af1d9629b7208a2a5,2693,qwen38-c/tsvc_2_s3110__submitted.c
qwen38,c,0,tsvc_2_s3111,w2,610669,llr8-qwen38-c.n0.p26.w26,1787933369257,21.64235411967811,fe2cf1eb678703f6d8264e54b8bb5a5e6cc5328a5731737eae3ffc1e4770edc1,4518,qwen38-c/tsvc_2_s3111__submitted.c
qwen38,c,0,tsvc_2_s3112,w4,612042,llr8w4-qwen38-c.n0.p7.w7,1788002851543,1.0,2e9bd0e4e0d159722082b9253d98d02ee7bbf5af5d1e3e1cad5f07dcffa7424f,394,qwen38-c/tsvc_2_s3112__submitted.c
qwen38,c,0,tsvc_2_s316,w2,610669,llr8-qwen38-c.n0.p28.w28,1787926428869,13.968959313169412,ccc3124e23dd17f6b25762e8d77e46f06810be6eb744c93e3bf86e58b2103f90,2515,qwen38-c/tsvc_2_s316__submitted.c
qwen38,c,0,tsvc_2_s318,w3,611560,llr8w3-qwen38-c.n0.p6.w6,1787969241471,17.73687164386378,8898362874e2251a577cd85a818a731d7af50616523cfdaf74f8828451073634,4188,qwen38-c/tsvc_2_s318__submitted.c
qwen38,c,0,tsvc_2_s319,w6,612291,llr8w4-qwen38-c.n0.p1.w1,1788033573433,92.51775186794305,b38b32ff26ee1214d4948551789b5552789a1c7401c256fde7be92e2a65cf839,6655,qwen38-c/tsvc_2_s319__submitted.c
qwen38,c,0,tsvc_2_s323,w6,612291,llr8w4-qwen38-c.n0.p2.w2,1788041002708,1.0,ff85c3b6d5ec33b914a96500ae160f0cb4932d75140ff2ccbba5b8515dfd3b5a,1172,qwen38-c/tsvc_2_s323__submitted.c
qwen38,c,0,tsvc_2_s4112,w2,610669,llr8-qwen38-c.n0.p32.w32,1787937533030,25.631135889277097,e36c7c30361f23da58be5fa0d743dd9abf3b2abc59c463523fdd231005c10017,1838,qwen38-c/tsvc_2_s4112__submitted.c
qwen38,c,0,tsvc_2_vag,w2,610669,llr8-qwen38-c.n0.p33.w33,1787937429223,30.054522588903716,ff1855be7c6b516461521538b683481f4bc1d11f69934e4f72e1a28e9c24def7,3579,qwen38-c/tsvc_2_vag__submitted.c
qwen38,c,0,tsvc_2_vpvts,w2,610669,llr8-qwen38-c.n0.p34.w34,1787938999261,5.268286948389225,8c706fe7dc09b892b018924f5ecdfcb2716d6a3819028bd456354ecfe4fa6b31,274,qwen38-c/tsvc_2_vpvts__submitted.c
qwen38,c,0,tsvc_2_vtvtv,w2,610669,llr8-qwen38-c.n0.p35.w35,1787936645906,5.113347408562376,f0be494a212695577ee663b11ae62a4a763a53a8b0927d6e4fa5cb75fd524dda,2955,qwen38-c/tsvc_2_vtvtv__submitted.c
qwen38,c,0,wf_diff_skew,w2,610669,llr8-qwen38-c.n0.p37.w37,1787939227388,5.164480882647999,fd0f7a8cbc728066d16eee30759f5f9b38b423229797d1811157b19575a272c1,5891,qwen38-c/wf_diff_skew__submitted.c
qwen38,c,0,wf_triangular,w4,612042,llr8w4-qwen38-c.n0.p12.w12,1788006660418,2.759180587392901,953c9876b303e1847b0f4ff9afebf0a056e3906cd267df9331ea6469b077ebcc,1952,qwen38-c/wf_triangular__submitted.c
qwen38,c,1,argmax_with_index,v9,618226,llr40v9-qwen38-c-skills.n0.p0.w0,1788335321693,10.572205262223004,148834949f56c49fbb53d43ab2210f5c53a46c71c4fd8ade3262507dacf512da,6724,qwen38-c-skills/argmax_with_index__submitted.c
qwen38,c,1,ext_break_capture,w2,610671,llr8-qwen38-c-skills.n0.p1.w1,1787920625027,6.301648134508775,2a1a2c0f51f263e7fe15c6bbae2b40133a7376a423d42f33b57400f6100db2d1,4165,qwen38-c-skills/ext_break_capture__submitted.c
qwen38,c,1,ext_war_unit,w4,612043,llr8w4-qwen38-c-skills.n0.p0.w0,1788010839011,4.492907124990357,760ab0d5cdae6c3bba2f0d0224269174b84cbb1769b2c69b738e095fa12694c4,3085,qwen38-c-skills/ext_war_unit__submitted.c
qwen38,c,1,fuse_diamond,w2,610671,llr8-qwen38-c-skills.n0.p5.w5,1787920912356,59.71516335249862,1a1d0d36581d35824c170810807281cd780d5d9ec9fce02fb5edda3b7baee1b1,461,qwen38-c-skills/fuse_diamond__submitted.c
qwen38,c,1,fuse_move_ifs,w2,610671,llr8-qwen38-c-skills.n0.p6.w6,1787922929654,5.320969817873117,ca332f719ce924d372819618010046e93959e287900b819a223a24aac336d185,1701,qwen38-c-skills/fuse_move_ifs__submitted.c
qwen38,c,1,fuse_stencil_through_transient,w2,610671,llr8-qwen38-c-skills.n0.p7.w7,1787920043743,22.746331687604833,a3a2ee702a1f8f719399c1cbc25331dfb50d19d64afccd46192646f1b1ec31a5,694,qwen38-c-skills/fuse_stencil_through_transient__submitted.c
qwen38,c,1,quasi_affine_reduce_odd,w4,612043,llr8w4-qwen38-c-skills.n0.p1.w1,1788008747131,10.363891052076271,c3ebd2b9222754394860e71317911e8c825137fc08d27f7d06b03a68607e47c5,3882,qwen38-c-skills/quasi_affine_reduce_odd__submitted.c
qwen38,c,1,tsvc_2_s115,w4,612043,llr8w4-qwen38-c-skills.n0.p2.w2,1788006913377,6.116317595060837,cb9d913159ba5794369025d5c3c5a405e2bbcff7c9dcca020edc023a67c1ff94,2187,qwen38-c-skills/tsvc_2_s115__submitted.c
qwen38,c,1,tsvc_2_s119,w2,610671,llr8-qwen38-c-skills.n0.p10.w10,1787925218736,2.5228286933230053,a69e3999d511750b0724e544ab2ce194515a9320edb1e2227e028088550125ca,2578,qwen38-c-skills/tsvc_2_s119__submitted.c
qwen38,c,1,tsvc_2_s1232,w2,610671,llr8-qwen38-c-skills.n0.p11.w11,1787918579636,153.6792151955502,8abee7ca033abcef5d6f9aac1b21c8eb17281fbf941641de62a18932d2b329b1,1124,qwen38-c-skills/tsvc_2_s1232__submitted.c
qwen38,c,1,tsvc_2_s1244,w2,610671,llr8-qwen38-c-skills.n0.p12.w12,1787919435079,4.722090542530763,683986073f25de7c636299b1341eed33cd5ed517c1530bd6b98de543153506c3,2199,qwen38-c-skills/tsvc_2_s1244__submitted.c
qwen38,c,1,tsvc_2_s152,w2,610671,llr8-qwen38-c-skills.n0.p14.w14,1787922681367,4.865174608059988,a58221d4d0b8e8b788418c865e4dca101199ceb690a85ae73d841ae97651e18b,1222,qwen38-c-skills/tsvc_2_s152__submitted.c
qwen38,c,1,tsvc_2_s2275,w2,610671,llr8-qwen38-c-skills.n0.p16.w16,1787927572956,127.20642052948132,1b941771093c89dd2bf015bd855ee99990988bb9183b90d63208bb1f1196b1b0,954,qwen38-c-skills/tsvc_2_s2275__submitted.c
qwen38,c,1,tsvc_2_s231,w2,610671,llr8-qwen38-c-skills.n0.p17.w17,1787922373210,80.48701815359257,28f75f4db9fae9c7594272c5534b713b5fbf26fac3800d4efec06faa8ae168f2,2673,qwen38-c-skills/tsvc_2_s231__submitted.c
qwen38,c,1,tsvc_2_s233,w2,610671,llr8-qwen38-c-skills.n0.p18.w18,1787918640413,47.499936349502285,65cbbf63ae6b4c5cfb5b39cb1fe9cae882347e3a894ead6ae33335b4f50d80c9,2119,qwen38-c-skills/tsvc_2_s233__submitted.c
qwen38,c,1,tsvc_2_s235,w2,610671,llr8-qwen38-c-skills.n0.p19.w19,1787918987255,32.544741319844995,2498ff154bbc047e8ce6ef81c2179b71b5a7b51c4f58605bd50cc29bb3ccb51c,628,qwen38-c-skills/tsvc_2_s235__submitted.c
qwen38,c,1,tsvc_2_s252,w2,610671,llr8-qwen38-c-skills.n0.p20.w20,1787922827503,4.067370208900927,60a76ad7c99c3f118220c53b520c693ab65a618e4dac4b96924ee3f8ba1eee25,1499,qwen38-c-skills/tsvc_2_s252__submitted.c
qwen38,c,1,tsvc_2_s255,w3,611561,llr8w3-qwen38-c-skills.n0.p2.w2,1787967148977,5.877660989467873,a8f450e5d03c4e6563d7a9c918c5f52eaa699619c7b6e3152df1f12baf08cac3,1792,qwen38-c-skills/tsvc_2_s255__submitted.c
qwen38,c,1,tsvc_2_s2710,w4,612043,llr8w4-qwen38-c-skills.n0.p5.w5,1788000413785,40.91404522902522,66a418aefc57a4d415df1df1e201beb13a996eb8f6ebf60c377e8d6f4a05cf4d,1710,qwen38-c-skills/tsvc_2_s2710__submitted.c
qwen38,c,1,tsvc_2_s275,w2,610671,llr8-qwen38-c-skills.n0.p23.w23,1787925907725,43.43108345321098,a8b7d2b21d93c53b34543fc4064489098d2d30c61aac16ab72f085f219cc9807,1258,qwen38-c-skills/tsvc_2_s275__submitted.c
qwen38,c,1,tsvc_2_s311,w2,610671,llr8-qwen38-c-skills.n0.p24.w24,1787925786164,20.797876917347367,c234dc07b18baaf345025aa3b12fcad9752750b436787dc90f7c52e03660e334,1957,qwen38-c-skills/tsvc_2_s311__submitted.c
qwen38,c,1,tsvc_2_s3110,w3,611561,llr8w3-qwen38-c-skills.n0.p4.w4,1787965103912,14.536155076810935,d3582346d3fdf01cfeef2b363c4092a178308be586a34c309ebe5a768327386f,4078,qwen38-c-skills/tsvc_2_s3110__submitted.c
qwen38,c,1,tsvc_2_s3111,w4,612043,llr8w4-qwen38-c-skills.n0.p6.w6,1788010959223,21.21591424338605,8d8a00abe34b4c1059e21c8bf4f8c9fc4ea3d7fe6f30f9debfa84d429b4a3479,2418,qwen38-c-skills/tsvc_2_s3111__submitted.c
qwen38,c,1,tsvc_2_s3112,w2,610671,llr8-qwen38-c-skills.n0.p27.w27,1787928128299,1.0,e31c2ed5737bf97ebe57abc6b8801e25e863a6276cac214179c7b877b0c54c67,336,qwen38-c-skills/tsvc_2_s3112__submitted.c
qwen38,c,1,tsvc_2_s316,w2,610671,llr8-qwen38-c-skills.n0.p28.w28,1787926831384,13.968959313169412,a5001334306bb261efaab84d4c02455ed659fb21a39aa11e60e1f3b632f8b2aa,1125,qwen38-c-skills/tsvc_2_s316__submitted.c
qwen38,c,1,tsvc_2_s318,w6,612292,llr8w4-qwen38-c-skills.n0.p2.w2,1788033710195,16.05695851625377,444e81b013cf5ccbf3ecea1fa1cacc21f60005466f785a6611b4d4748dd59c9d,4372,qwen38-c-skills/tsvc_2_s318__submitted.c
qwen38,c,1,tsvc_2_s319,w2,610671,llr8-qwen38-c-skills.n0.p30.w30,1787936251585,11.00147919041236,19495272f78b950e70763978b88a241506e9e8d7aaa0cd979b2a098f62f92049,5275,qwen38-c-skills/tsvc_2_s319__submitted.c
qwen38,c,1,tsvc_2_s323,w2,610671,llr8-qwen38-c-skills.n0.p31.w31,1787929841144,1.0201,c71999dc590b99a08cbd2e6d7ef3fddf3000c512cbccf9fc405a2860e0ec850d,607,qwen38-c-skills/tsvc_2_s323__submitted.c
qwen38,c,1,tsvc_2_s4112,w2,610671,llr8-qwen38-c-skills.n0.p32.w32,1787929425017,22.746331687604833,4d773bd96d06c8fd1bac12e769fdca65516fa6a6b2adbbdc038375a6cc6f4850,1144,qwen38-c-skills/tsvc_2_s4112__submitted.c
qwen38,c,1,tsvc_2_vag,w2,610671,llr8-qwen38-c-skills.n0.p33.w33,1787934802062,23.906623206580772,ce713e7b5b7abeed6918631757b6353921e579f6aec294eb46bebe5b6032a7fb,1925,qwen38-c-skills/tsvc_2_vag__submitted.c
qwen38,c,1,tsvc_2_vpvts,w2,610671,llr8-qwen38-c-skills.n0.p34.w34,1787935538738,4.448422896030057,e855cc496e6d2de558d4d04181f1f646aa55746ea4c3e8a29be9a333909e0e20,1908,qwen38-c-skills/tsvc_2_vpvts__submitted.c
qwen38,c,1,tsvc_2_vtvtv,w2,610671,llr8-qwen38-c-skills.n0.p35.w35,1787936029824,4.583214558202664,c6e993e5b86a149ccaab5b0a13076e81c1a7a2aece7c61489c754b4df83b39c6,661,qwen38-c-skills/tsvc_2_vtvtv__submitted.c
qwen38,c,1,wf_diff_skew,w2,610671,llr8-qwen38-c-skills.n0.p37.w37,1787941636761,4.067370208900927,c4aa16c795db385736c7df8e03ea2955656a4cfadc806a3a63fb11b1d58eda11,4929,qwen38-c-skills/wf_diff_skew__submitted.c
qwen38,c,1,wf_triangular,w4,612043,llr8w4-qwen38-c-skills.n0.p8.w8,1788008811008,3.1091137485285523,b653ea630718d0a1bf7324e26d2a9b810bf5444f418d77dacfe08685d8a114c3,1425,qwen38-c-skills/wf_triangular__submitted.c
qwen38,fortran,0,argmax_with_index,v9,618219,llr40v9-qwen38-fortran.n0.p0.w0,1788305825531,18.64163035503454,0d4fcca757063ef8442b4714a7050f3b633573204deed3d8e9c415c6cbe7c297,2895,qwen38-fortran/argmax_with_index__submitted.f90
qwen38,fortran,0,compact_threshold_pack,v9,618219,llr40v9-qwen38-fortran.n0.p1.w1,1788320897389,11.448183361474655,ee8227a8ab65c04586b37c330e9428725fd57f753f0a5d56b595b3b318a98c78,1769,qwen38-fortran/compact_threshold_pack__submitted.f90
qwen38,fortran,0,ext_break_capture,w2,610670,llr8-qwen38-fortran.n0.p1.w1,1787933832609,7.316017851829954,53222de4e731ba4da473c2e61b31614678d124fd757c4ea7cbb9bdde117fef15,1214,qwen38-fortran/ext_break_capture__submitted.f90
qwen38,fortran,0,ext_war_unit,w4,612044,llr8w4-qwen38-fortran.n0.p1.w1,1788004163025,4.865174608059988,2955cec5261f7da7660aafff917ac3cedc0b03e164de0fdfdb257efd0a91c823,1667,qwen38-fortran/ext_war_unit__submitted.f90
qwen38,fortran,0,fuse_diamond,w2,610670,llr8-qwen38-fortran.n0.p5.w5,1787930571884,59.71516335249862,54c0f52b7bca2dcf15b5d533d887b771a1697c63f893c6e4bc675fcb50fda752,447,qwen38-fortran/fuse_diamond__submitted.f90
qwen38,fortran,0,fuse_move_ifs,w3,611562,llr8w3-qwen38-fortran.n0.p1.w1,1787971036856,7.843761375592878,6f2ddfc173d25a190a2437f69c6e36cd0403a535dcd661acf833e7de5d589c4e,1175,qwen38-fortran/fuse_move_ifs__submitted.f90
qwen38,fortran,0,fuse_stencil_through_transient,w2,610670,llr8-qwen38-fortran.n0.p7.w7,1787930655591,23.906623206580772,8efa990f1046af48e9c9af99e7848e14c5758aec0c36bd5b4b246ada2ca450c4,645,qwen38-fortran/fuse_stencil_through_transient__submitted.f90
qwen38,fortran,0,quasi_affine_reduce_odd,w3,611562,llr8w3-qwen38-fortran.n0.p2.w2,1787967691615,10.572205262223004,53e4e81fb64c840847e38b1fa0775fb86c12dfa3b23c863b425cc37b9448f9d4,1251,qwen38-fortran/quasi_affine_reduce_odd__submitted.f90
qwen38,fortran,0,scan_affine_decay,v9,618219,llr40v9-qwen38-fortran.n0.p2.w2,1788323020239,5.012594263858814,4e25ff317c2d7ad6c015e5a4d94b8afa96ff79e949e56576003aa6e97604f8f2,2220,qwen38-fortran/scan_affine_decay__submitted.f90
qwen38,fortran,0,tsvc_2_s115,w13,613253,llr8w13-qwen38-fortran.n0.p0.w0,1788114079234,2.047099312100132,161b179e08323d2c7d31f182e8efa3fda39e78e9aef819562054e5ac3a2d12d0,792,qwen38-fortran/tsvc_2_s115__submitted.f90
qwen38,fortran,0,tsvc_2_s119,w2,610670,llr8-qwen38-fortran.n0.p10.w10,1787940225532,1.01,d43b4e4155a6a62ec2c08ea5a2ddfa65473b3dd8e6d9003a7a37619253f52ca2,568,qwen38-fortran/tsvc_2_s119__submitted.f90
qwen38,fortran,0,tsvc_2_s1232,w2,610670,llr8-qwen38-fortran.n0.p11.w11,1787933193587,164.7649194952102,c144cd2dc589412a1e64870de5160eee5afc69e566878462ca2717b1f51decec,1170,qwen38-fortran/tsvc_2_s1232__submitted.f90
qwen38,fortran,0,tsvc_2_s1244,w2,610670,llr8-qwen38-fortran.n0.p12.w12,1787931439568,3.869963192563126,df894aaf25596f83b855f8e3ea8a167ff2401584ff9a4d3e8defc9dcd5515c15,1163,qwen38-fortran/tsvc_2_s1244__submitted.f90
qwen38,fortran,0,tsvc_2_s152,w2,610670,llr8-qwen38-fortran.n0.p14.w14,1787931238156,4.817004562435631,97466ffbcbaa67a13fb41093e8081b89d5ea7eeda5514eb01293e5a59688a4c5,755,qwen38-fortran/tsvc_2_s152__submitted.f90
qwen38,fortran,0,tsvc_2_s2275,w4,612044,llr8w4-qwen38-fortran.n0.p4.w4,1788001392195,121.03254437707619,d26c9a99ebcd8e93c41ed26f5d4c01f7c31abd1b27c14fc2b0db30437602ddab,1139,qwen38-fortran/tsvc_2_s2275__submitted.f90
qwen38,fortran,0,tsvc_2_s231,w4,612044,llr8w4-qwen38-fortran.n0.p5.w5,1788013035804,86.29297754814527,2fe22ad7209ba74dde3a0b7ef4dab96ee33f0f6b5ae000e7a4cb4bd41632494e,1661,qwen38-fortran/tsvc_2_s231__submitted.f90
qwen38,fortran,0,tsvc_2_s233,w2,610670,llr8-qwen38-fortran.n0.p18.w18,1787941890438,53.52411720829456,af4674fa264fd3833f0e92b4340f22c4d8ba3c0e5118fb122dab41b41b600eee,1840,qwen38-fortran/tsvc_2_s233__submitted.f90
qwen38,fortran,0,tsvc_2_s235,w13,613253,llr8w13-qwen38-fortran.n0.p2.w2,1788116926514,52.46948064728415,c9dc8ff0676411d7e954b4e95b079aa1b030972da335f79d2034b36466d56310,1255,qwen38-fortran/tsvc_2_s235__submitted.f90
qwen38,fortran,0,tsvc_2_s252,w12,613045,llr8w12-qwen38-fortran.n0.p4.w4,1788096022937,5.995801975356177,d7e41f215fdb8ab5628fd185795855b94c60bb09a5cc23b7f310157422cd8182,1039,qwen38-fortran/tsvc_2_s252__submitted.f90
qwen38,fortran,0,tsvc_2_s255,w2,610670,llr8-qwen38-fortran.n0.p21.w21,1787935822993,1.0,06370c57cd6b182e34a47e7cbc9e4d5fc519d3cdca8fc3bf227b6e3f5ee4bd1a,572,qwen38-fortran/tsvc_2_s255__submitted.f90
qwen38,fortran,0,tsvc_2_s2710,w2,610670,llr8-qwen38-fortran.n0.p22.w22,1787935412256,39.31759327837418,8070d21f85ae808519a485d5762e5610b970163d5d47f80f4d9beb962ebe3a16,1109,qwen38-fortran/tsvc_2_s2710__submitted.f90
qwen38,fortran,0,tsvc_2_s275,w4,612044,llr8w4-qwen38-fortran.n0.p8.w8,1788013525815,30.658618492940683,a477790830c94544d1d294ad27326edcb2584def5e9cc4ce107b20bd88d110e8,1163,qwen38-fortran/tsvc_2_s275__submitted.f90
qwen38,fortran,0,tsvc_2_s311,w2,610670,llr8-qwen38-fortran.n0.p24.w24,1787942042520,16.37970338243047,236583d642fc85b83f197017c729751b9a5c79d5626d8ec50ebf67165f87c458,1037,qwen38-fortran/tsvc_2_s311__submitted.f90
qwen38,fortran,0,tsvc_2_s3110,w4,612044,llr8w4-qwen38-fortran.n0.p9.w9,1788013641522,13.69371562902599,f303ca010d2cdaa03a19ee7abee5cc397d97026271736207958ebac54252a80d,3937,qwen38-fortran/tsvc_2_s3110__submitted.f90
qwen38,fortran,0,tsvc_2_s3111,w3,611562,llr8w3-qwen38-fortran.n0.p3.w3,1787975341098,19.016327125170736,8aed2379c82a651c414c2315ed86c5aef0796a7c2e852c965ce7f6ce8f44fab0,638,qwen38-fortran/tsvc_2_s3111__submitted.f90
qwen38,fortran,0,tsvc_2_s3112,w4,612044,llr8w4-qwen38-fortran.n0.p10.w10,1788006200125,1.0,b83940dc996fa981cc07e9ae199447fb199898939ed6bae38e0160f54c216184,518,qwen38-fortran/tsvc_2_s3112__submitted.f90
qwen38,fortran,0,tsvc_2_s316,w3,611562,llr8w3-qwen38-fortran.n0.p4.w4,1787967305398,13.968959313169412,d57d5302801dadb4b5de7b86cf0b164acf43d5e23437ee2dc56b13318ab2a942,1089,qwen38-fortran/tsvc_2_s316__submitted.f90
qwen38,fortran,0,tsvc_2_s318,w3,611562,llr8w3-qwen38-fortran.n0.p5.w5,1787966402398,13.15939156243112,4faa7a0cb05fde0d1a09c80d4e26528dfe52d7cd962d3b45b868a05c948fd831,1848,qwen38-fortran/tsvc_2_s318__submitted.f90
qwen38,fortran,0,tsvc_2_s319,w16,617917,llr8w16-qwen38-fortran.n0.p0.w0,1788287384643,8.32631075669766,8ebf0bf65441143b1614c6cb94281bc0a1bdaa93ea9857d613c798995da39528,1174,qwen38-fortran/tsvc_2_s319__submitted.f90
qwen38,fortran,0,tsvc_2_s323,w2,610670,llr8-qwen38-fortran.n0.p31.w31,1787952783288,1.0,d2a51e4db2c2939da98f45ba9eb8533bec1ffcb9a0a7fcf38effbeaeda55c4b4,869,qwen38-fortran/tsvc_2_s323__submitted.f90
qwen38,fortran,0,tsvc_2_s4112,w2,610670,llr8-qwen38-fortran.n0.p32.w32,1787945189456,21.42807338581991,cb09bbf6a3cd1eb65e32556975bcffb59ff5352fb6fea263e79a4be3c1c54c35,538,qwen38-fortran/tsvc_2_s4112__submitted.f90
qwen38,fortran,0,tsvc_2_vag,w12,613045,llr8w12-qwen38-fortran.n0.p6.w6,1788093109984,22.97379500448088,e33e248819a899483f4725f2d5390f731005d1df86922e1e7b0ca348e52cd234,517,qwen38-fortran/tsvc_2_vag__submitted.f90
qwen38,fortran,0,tsvc_2_vpvts,w4,612044,llr8w4-qwen38-fortran.n0.p13.w13,1788009300702,4.629046703784691,6de5cb2462e46b2e0542179286a1396b955e305f671edcf9c2758111729e19b3,3274,qwen38-fortran/tsvc_2_vpvts__submitted.f90
qwen38,fortran,0,tsvc_2_vtvtv,w2,610670,llr8-qwen38-fortran.n0.p35.w35,1787952389287,5.537022529567735,04fb9e985a61c9dc28e0de1ea733978690ea9d9e786e62658cf20ae36b3d9335,2456,qwen38-fortran/tsvc_2_vtvtv__submitted.f90
qwen38,fortran,0,wf_diff_skew,w2,610670,llr8-qwen38-fortran.n0.p37.w37,1787953900552,1.7285245734721935,4fe15cd683dbd6fcdab99051e3cfdc9acc632bfc4cfb07be17f1ceb3042b5903,823,qwen38-fortran/wf_diff_skew__submitted.f90
qwen38,fortran,0,wf_triangular,w2,610670,llr8-qwen38-fortran.n0.p39.w39,1787955640906,1.5339777935796781,c79f995d56dfbe5c1aa05d7ee93f2f2b46bc212d2c6f0b83e88a097f8ae64884,1517,qwen38-fortran/wf_triangular__submitted.f90
qwen38,fortran,1,argmax_with_index,v9,618228,llr40v9-qwen38-fortran-skills.n0.p0.w0,1788336947481,20.388076578127013,035751a2e07518674e43ce8afded48b505dd11e3af41ee769eb1b2cc37b55b7c,2516,qwen38-fortran-skills/argmax_with_index__submitted.f90
qwen38,fortran,1,ext_break_capture,w2,610672,llr8-qwen38-fortran-skills.n0.p1.w1,1787942006362,7.100854849048922,aa8b4033752dec64664db9c2d1c8858bb5f8f2a0fc68d4134710eccb7fc28257,1180,qwen38-fortran-skills/ext_break_capture__submitted.f90
qwen38,fortran,1,ext_war_unit,w3,611563,llr8w3-qwen38-fortran-skills.n0.p1.w1,1787975433402,4.962964617681994,ce6584b615daad506f057c7a658020a44e030a3861e38c84479ccfaacab213e1,1444,qwen38-fortran-skills/ext_war_unit__submitted.f90
qwen38,fortran,1,fuse_diamond,w2,610672,llr8-qwen38-fortran-skills.n0.p5.w5,1787941219443,59.123924111384774,e4f8b32162a46073e307393bd86dd6c17e9bfed9f3adb3a3cfdd70a10fcfc018,735,qwen38-fortran-skills/fuse_diamond__submitted.f90
qwen38,fortran,1,fuse_move_ifs,w2,610672,llr8-qwen38-fortran-skills.n0.p6.w6,1787935581728,6.823781938961509,e62fbeccb5d93480ce3ff53cde86b8e5c9ddf9ba0721dd35af52be4dee4f9da0,1183,qwen38-fortran-skills/fuse_move_ifs__submitted.f90
qwen38,fortran,1,fuse_stencil_through_transient,w4,612045,llr8w4-qwen38-fortran-skills.n0.p1.w1,1788003268084,23.435568284070946,33ce1303f9c401c9eee8433061d404ed57de1744fb3b9592ac4b971b9566b4d5,863,qwen38-fortran-skills/fuse_stencil_through_transient__submitted.f90
qwen38,fortran,1,quasi_affine_reduce_odd,w16,617916,llr8w16-qwen38-fortran-skills.n0.p0.w0,1788289017845,10.467529962597034,c9bc42226c1bae7bb32451ed88b7b7ebc98aa4343f36ff2e41b6e7b7a16a87dd,1822,qwen38-fortran-skills/quasi_affine_reduce_odd__submitted.f90
qwen38,fortran,1,tsvc_2_s115,w4,612045,llr8w4-qwen38-fortran-skills.n0.p3.w3,1788008992799,5.374179516051848,d498dc545fe04d08241f7ce09b5eb48cf2399bb0e6980d7e8fbf81764b99c6c0,2628,qwen38-fortran-skills/tsvc_2_s115__submitted.f90
qwen38,fortran,1,tsvc_2_s119,w2,610672,llr8-qwen38-fortran-skills.n0.p10.w10,1787931900597,1.0,0cc45280d621f8bd5d804ba7952218767ac4a6af4ade2f624cd00b174b3442bc,531,qwen38-fortran-skills/tsvc_2_s119__submitted.f90
qwen38,fortran,1,tsvc_2_s1232,w2,610672,llr8-qwen38-fortran-skills.n0.p11.w11,1787934946425,158.33584909519058,86bdd0593a3a01082ee731362510716c539ba32fd1ab1eb0f54675d3d6d062b8,2239,qwen38-fortran-skills/tsvc_2_s1232__submitted.f90
qwen38,fortran,1,tsvc_2_s1244,w2,610672,llr8-qwen38-fortran-skills.n0.p12.w12,1787935069259,7.171863397539411,fa465dbc0157c5e0eedab74aaf60eccdcb8e91fe321b5cae63f6bb5fb7513a87,1809,qwen38-fortran-skills/tsvc_2_s1244__submitted.f90
qwen38,fortran,1,tsvc_2_s152,w2,610672,llr8-qwen38-fortran-skills.n0.p14.w14,1787941150450,5.4279213112123665,ede30a964c228ddaca68159d0f70f805846cc11df4f07fd6c2ae3da9aa212166,748,qwen38-fortran-skills/tsvc_2_s152__submitted.f90
qwen38,fortran,1,tsvc_2_s2275,w4,612045,llr8w4-qwen38-fortran-skills.n0.p5.w5,1788001854003,124.69995150424597,e243e7af4765f4931050053b42f6d1e7d3bc1495b2c832edba02c1734b0c3966,860,qwen38-fortran-skills/tsvc_2_s2275__submitted.f90
qwen38,fortran,1,tsvc_2_s231,w2,610672,llr8-qwen38-fortran-skills.n0.p17.w17,1787933132908,83.75511384357122,31db2dd2c7005d53b8bfc2e5dfa8ca6c2edc1601d3b9b99eefde3b20fb2983cc,840,qwen38-fortran-skills/tsvc_2_s231__submitted.f90
qwen38,fortran,1,tsvc_2_s233,w4,612045,llr8w4-qwen38-fortran-skills.n0.p6.w6,1788011775840,55.1459514838231,67c629723003bb30c0df912be35b4cd3b46baeb06107d62b12868bd18db38fef,1972,qwen38-fortran-skills/tsvc_2_s233__submitted.f90
qwen38,fortran,1,tsvc_2_s235,w12,613044,llr8w12-qwen38-fortran-skills.n0.p2.w2,1788093462052,82.92585529066457,a7f22478ceab892c030c326aa0b22ebecdecf95307a6a051d3d3acb0b262ea06,899,qwen38-fortran-skills/tsvc_2_s235__submitted.f90
qwen38,fortran,1,tsvc_2_s252,w4,612045,llr8w4-qwen38-fortran-skills.n0.p8.w8,1788011768182,6.116317595060837,d09891229785dc833efbfe43a7329d7014738037a00500593eeff00239efded6,1396,qwen38-fortran-skills/tsvc_2_s252__submitted.f90
qwen38,fortran,1,tsvc_2_s255,w2,610672,llr8-qwen38-fortran-skills.n0.p21.w21,1787935971340,6.116317595060837,9f5fb3352da43e0eb8c606726816f566b73f96977aa8addc64450df69aa73985,1004,qwen38-fortran-skills/tsvc_2_s255__submitted.f90
qwen38,fortran,1,tsvc_2_s2710,w3,611563,llr8w3-qwen38-fortran-skills.n0.p3.w3,1787973356429,39.710769211157924,41e9341da1a61b8032800d363fb28a682339f7ab8c00b393f38d2771a3f89b01,2042,qwen38-fortran-skills/tsvc_2_s2710__submitted.f90
qwen38,fortran,1,tsvc_2_s275,w4,612045,llr8w4-qwen38-fortran-skills.n0.p9.w9,1788008467330,40.5089556723022,412285467a4f1a0688e58696ac4b8c362a0e397693f4a9524f493eba226e5879,868,qwen38-fortran-skills/tsvc_2_s275__submitted.f90
qwen38,fortran,1,tsvc_2_s311,w2,610672,llr8-qwen38-fortran-skills.n0.p24.w24,1787941571669,20.797876917347367,dfd65ae23db4ed4b91f82d68be5135637a6ed16d3a412f41e274912bb2ea2c8f,1736,qwen38-fortran-skills/tsvc_2_s311__submitted.f90
qwen38,fortran,1,tsvc_2_s3110,w3,611563,llr8w3-qwen38-fortran-skills.n0.p4.w4,1787964847657,14.681516627579045,5e3dba6ea036487dbb3fa32514e785a85a05306be134263f7e038bebdaf7042d,4641,qwen38-fortran-skills/tsvc_2_s3110__submitted.f90
qwen38,fortran,1,tsvc_2_s3111,w2,610672,llr8-qwen38-fortran-skills.n0.p26.w26,1787938023341,21.42807338581991,bd428e644e36717464e34e99c7194fd47618fa50fbdcc71ae8ec8d062e162ee9,576,qwen38-fortran-skills/tsvc_2_s3111__submitted.f90
qwen38,fortran,1,tsvc_2_s3112,w2,610672,llr8-qwen38-fortran-skills.n0.p27.w27,1787947302320,1.0,1928ddf9e5cadc0ad17ee2792c5af21068a3e3c44769b5719ab7d484bc780333,399,qwen38-fortran-skills/tsvc_2_s3112__submitted.f90
qwen38,fortran,1,tsvc_2_s316,w2,610672,llr8-qwen38-fortran-skills.n0.p28.w28,1787937789471,1.0,ac00b6cc32e2a808f10fe61c30dabcda1f80fe3ede32d3f0364d3fac7b9b496b,378,qwen38-fortran-skills/tsvc_2_s316__submitted.f90
qwen38,fortran,1,tsvc_2_s318,w2,610672,llr8-qwen38-fortran-skills.n0.p29.w29,1787951478738,16.543500416254773,f2552dcea999beab44ba742b1789a6988dbf5e8fec7d5b9afd6cea005126aecb,2506,qwen38-fortran-skills/tsvc_2_s318__submitted.f90
qwen38,fortran,1,tsvc_2_s319,w2,610672,llr8-qwen38-fortran-skills.n0.p30.w30,1787938974285,35.24129137112541,22e30241a8eddb130b171af7b0de35ab7d7b484dcee7776d83825ab6cd320ee2,690,qwen38-fortran-skills/tsvc_2_s319__submitted.f90
qwen38,fortran,1,tsvc_2_s323,w2,610672,llr8-qwen38-fortran-skills.n0.p31.w31,1787946658525,1.01,41d05732503e7a3448220f5890377a8e075664b263ad352562fe4af79539b31c,851,qwen38-fortran-skills/tsvc_2_s323__submitted.f90
qwen38,fortran,1,tsvc_2_s4112,w2,610672,llr8-qwen38-fortran-skills.n0.p32.w32,1787938506071,22.52112048277706,4affeac2db8d7967bca13829893030ddc51baf8bf52455841df9b5c9650d3a34,499,qwen38-fortran-skills/tsvc_2_s4112__submitted.f90
qwen38,fortran,1,tsvc_2_vag,w2,610672,llr8-qwen38-fortran-skills.n0.p33.w33,1787943401079,22.298139091858477,0d33be9283793b2a882681aec8b5e4b9ba4bc323bf9c622c5b86f39190737426,517,qwen38-fortran-skills/tsvc_2_vag__submitted.f90
qwen38,fortran,1,tsvc_2_vpvts,w2,610672,llr8-qwen38-fortran-skills.n0.p34.w34,1787953786245,4.583214558202664,70a6b46330569957b603a885ac12c3b202274147639977bef798c0936df32fa1,2201,qwen38-fortran-skills/tsvc_2_vpvts__submitted.f90
qwen38,fortran,1,tsvc_2_vtvtv,w2,610672,llr8-qwen38-fortran-skills.n0.p35.w35,1787941856896,4.962964617681994,f9d880d918ddd8d9c497553f9a082798e91660c42c98fe08d73dc06bfbb52b90,521,qwen38-fortran-skills/tsvc_2_vtvtv__submitted.f90
qwen38,fortran,1,wf_diff_skew,w2,610672,llr8-qwen38-fortran-skills.n0.p37.w37,1787952664268,3.869963192563126,1e023e05c98cfe9d2fa9eb1e71c88d819f73086f3854b6b99514dea9816174d6,2901,qwen38-fortran-skills/wf_diff_skew__submitted.f90
qwen38,fortran,1,wf_triangular,w4,612045,llr8w4-qwen38-fortran-skills.n0.p10.w10,1788002787100,1.0201,c1b3ba93cf5c31c11186fe9d6ee122fdc68054b1c87f3511d2d36f192fba913a,468,qwen38-fortran-skills/wf_triangular__submitted.f90
