arm,baseline,n_served,n_solved,n_faster,n_final_harvest,n_never_submitted,coverage,geomean_solved,geomean_ci_low,geomean_ci_high,median_solved,median_tokens,submissions,episodes,jobs,tasks,attempts_per_task,relaunched_tasks,share_relaunched,tokens_crashed,score_calls_per_task,submit_calls_per_task,accepted_submissions_per_task,median_tokens_ci_low,median_tokens_ci_high,n_token_kernels
cpf-llr-focus40-kimi27sglang-c,numba,40,38,38,0,0,0.95,7.096493585967424,4.657025919004433,10.813815961419998,6.697435621641685,103771.0,170,38,2,40,1.0,0,0.0,0,22.45,4.4,4.25,97518.0,115404.5,40
cpf-llr-focus40-kimi27sglang-c-skills,numba,40,37,35,0,0,0.925,6.041032001458105,3.987170841079056,9.15287282567618,6.180791227196123,113574.0,134,37,2,40,1.0,0,0.0,0,21.4,3.6,3.35,103889.5,124117.5,40
cpf-llr-focus40-kimi27sglang-fortran,numba,40,39,37,0,0,0.975,6.704496532009285,4.238573045875738,10.605048741925668,7.195948096196894,126508.0,198,39,2,40,1.0,0,0.0,0,26.275,5.125,4.95,103782.0,169146.0,40
cpf-llr-focus40-kimi27sglang-fortran-skills,numba,40,39,39,0,0,0.975,6.342347259936689,4.450442145782529,9.038510657586256,6.2981192525384,104188.5,154,39,3,40,1.0,0,0.0,0,21.7,3.975,3.85,88840.0,115237.0,40
cpf-llr-focus40-oss120b-c,numba,40,38,35,0,1,0.95,4.377934982641774,2.858931484850503,6.704013304901171,4.737194823989806,37516.5,40,38,1,40,1.0,0,0.0,0,3.3,1.3,1.0,29646.0,43270.5,40
cpf-llr-focus40-oss120b-c-skills,numba,40,38,34,0,2,0.95,4.6688320044553135,3.011338122054657,7.238639901039509,4.611825582815171,36590.5,46,38,1,40,1.0,0,0.0,0,4.325,1.425,1.15,28030.0,49960.0,40
cpf-llr-focus40-oss120b-fortran,numba,40,38,36,0,2,0.95,5.202206959846147,3.5788010343986034,7.5620178358474925,5.376178183780285,51627.0,41,38,3,40,1.0,0,0.0,0,4.625,1.2,1.025,46210.0,67247.0,40
cpf-llr-focus40-oss120b-fortran-skills,numba,40,38,32,0,1,0.95,4.856326668404999,3.249381410572005,7.257968742459815,4.2729606309887345,47931.5,40,38,4,40,1.0,0,0.0,0,4.325,1.175,1.0,42953.55000000003,59546.5,40
cpf-llr-focus40-qwen38-c,numba,40,21,19,0,6,0.525,7.051629565384382,3.7764586673164833,13.167224616478489,7.592647297870737,129636.0,71,47,3,40,1.875,24,0.6,5255049,2.85,0.875,0.8,75774.0,208351.5,40
cpf-llr-focus40-qwen38-c-skills,numba,40,24,23,0,0,0.6,7.553958968782278,4.588190147982967,12.436776650839462,9.351741671821559,132125.0,44,24,3,40,1.9,25,0.625,4356679,4.45,1.3,1.1,83257.5,208174.5,40
cpf-llr-focus40-qwen38-fortran,numba,40,30,26,0,5,0.75,4.503710794437027,2.8455130134619293,7.128208805923274,5.79631045069112,173070.0,42,30,5,40,1.425,12,0.3,2084306,2.975,1.2,1.05,164901.0,226746.0,39
cpf-llr-focus40-qwen38-fortran-skills,numba,40,29,24,0,10,0.725,5.443819723497523,3.20236450719396,9.254153646584154,6.422548465812621,168732.0,34,29,3,40,1.6,19,0.475,2950369,2.375,0.925,0.85,87762.5,179553.5,40
llrblind-kimi27sglang-c,numba,40,38,37,6,6,0.95,4.038906085570171,2.7325268168740746,5.969845297517355,3.388835941267311,127970.5,43,43,3,40,1.0,0,0.0,0,0.0,1.025,0.95,103070.0,136288.0,40
llrblind-kimi27sglang-c-skills,numba,40,36,34,3,3,0.9,6.644687522958798,4.229798103177405,10.4382930817898,6.811679721191142,121299.5,41,41,3,40,1.0,0,0.0,0,0.0,1.0,0.9,98243.0,139329.5,40
llrblind-kimi27sglang-fortran,numba,40,36,34,0,0,0.9,4.622895112505359,3.100460918350873,6.892897470416493,4.491358603039279,97562.0,37,36,2,40,1.0,0,0.0,0,0.0,1.025,0.925,89179.0,112605.0,40
llrblind-kimi27sglang-fortran-skills,numba,40,35,32,5,5,0.875,6.5917242962512965,4.261200451697055,10.196851730006044,6.575387691522864,117367.5,35,35,3,40,1.0,0,0.0,0,0.0,1.0,0.875,86257.0,137844.5,40
llrblind-oss120b-c,numba,40,37,30,13,4,0.925,3.535259680014373,2.294418082758523,5.447159390458261,3.4046207831481246,24387.0,101,74,2,40,1.0,0,0.0,0,0.0,1.2,1.15,20268.0,32191.0,40
llrblind-oss120b-c-skills,numba,40,30,25,13,2,0.75,4.41126673806184,2.7148850236404685,7.167623698567258,3.394907493700237,25230.5,95,67,2,40,1.0,0,0.0,0,0.0,1.075,1.025,23782.0,29368.0,40
llrblind-oss120b-fortran,numba,40,33,27,19,3,0.825,4.176779219863387,2.6102400232820613,6.683479103790238,3.1781073747075035,35801.5,94,65,2,40,1.0,0,0.0,0,0.0,1.4,1.225,31186.5,40494.5,40
llrblind-oss120b-fortran-skills,numba,40,30,25,19,1,0.75,3.91754268484116,2.532143718936367,6.060927968969741,3.582752615963887,32805.5,48,30,1,40,1.0,0,0.0,0,0.0,1.45,1.2,29937.5,43554.5,40
llrblind-qwen38-c,numba,40,30,26,25,24,0.75,4.954229439946865,2.993322551957522,8.19971416965576,5.810099682021132,131494.5,31,30,3,40,1.1,4,0.1,279707,0.0,1.025,0.775,123110.5,157609.5,40
llrblind-qwen38-c-skills,numba,40,33,31,28,27,0.825,5.772853743276252,3.3645479246317107,9.904997963405897,6.37916930972831,135514.0,34,33,2,40,1.05,2,0.05,239322,0.0,1.025,0.85,124087.0,150081.5,40
llrblind-qwen38-fortran,numba,40,26,24,20,20,0.65,6.812074560438149,3.939195039881415,11.780163040204668,7.220907588464398,225700.5,26,26,3,40,1.1,4,0.1,546311,0.025,1.0,0.65,211401.5,236440.5,40
llrblind-qwen38-fortran-skills,numba,40,34,30,12,12,0.85,6.27255936491948,4.031316333341117,9.759839648661433,6.303191361458115,198797.0,34,34,2,40,1.025,1,0.025,181528,0.025,1.0,0.85,165638.0,211885.0,40
