model,benchmark,n,median_tokens,episodes
kimi27sglang,argmax_with_index,4,410540.5,"[377000.0, 377716.0, 443365.0, 877176.0]"
kimi27sglang,compact_threshold_pack,4,332437.0,"[77505.0, 303667.0, 361207.0, 724344.0]"
kimi27sglang,ext_break_capture,4,687638.5,"[466766.0, 482135.0, 893142.0, 960176.0]"
kimi27sglang,ext_war_unit,4,432198.0,"[258707.0, 400947.0, 463449.0, 940871.0]"
kimi27sglang,fuse_diamond,4,424953.0,"[171955.0, 412856.0, 437050.0, 453403.0]"
kimi27sglang,fuse_move_ifs,4,1005554.5,"[865812.0, 908173.0, 1102936.0, 1959323.0]"
kimi27sglang,fuse_stencil_through_transient,4,830736.5,"[619164.0, 696309.0, 965164.0, 1000657.0]"
kimi27sglang,quasi_affine_reduce_odd,4,602276.5,"[423782.0, 539300.0, 665253.0, 1041603.0]"
kimi27sglang,scan_affine_decay,4,305295.0,"[212154.0, 229572.0, 381018.0, 382235.0]"
kimi27sglang,scatter_accum_dup,4,754283.0,"[238448.0, 675283.0, 833283.0, 892727.0]"
kimi27sglang,segment_reduce_ragged,4,649381.0,"[188700.0, 500396.0, 798366.0, 2888848.0]"
kimi27sglang,tsvc_2_s115,4,686724.5,"[579280.0, 662869.0, 710580.0, 2454285.0]"
kimi27sglang,tsvc_2_s119,3,447399.0,"[236755.0, 447399.0, 674990.0]"
kimi27sglang,tsvc_2_s1232,4,738609.5,"[297613.0, 675618.0, 801601.0, 1104694.0]"
kimi27sglang,tsvc_2_s1244,4,695071.5,"[162097.0, 564074.0, 826069.0, 2065061.0]"
kimi27sglang,tsvc_2_s152,4,847220.5,"[382963.0, 779422.0, 915019.0, 2296685.0]"
kimi27sglang,tsvc_2_s2233,4,219198.5,"[171707.0, 189039.0, 249358.0, 539467.0]"
kimi27sglang,tsvc_2_s2275,4,454160.0,"[249664.0, 254500.0, 653820.0, 938525.0]"
kimi27sglang,tsvc_2_s231,4,674085.5,"[639432.0, 665279.0, 682892.0, 1444657.0]"
kimi27sglang,tsvc_2_s233,4,805430.0,"[244633.0, 554778.0, 1056082.0, 2449366.0]"
kimi27sglang,tsvc_2_s235,4,347974.0,"[138478.0, 151319.0, 544629.0, 951387.0]"
kimi27sglang,tsvc_2_s252,4,682473.5,"[600138.0, 667625.0, 697322.0, 943291.0]"
kimi27sglang,tsvc_2_s255,4,518365.0,"[194088.0, 256163.0, 780567.0, 953579.0]"
kimi27sglang,tsvc_2_s2710,4,342376.0,"[118351.0, 212147.0, 472605.0, 902553.0]"
kimi27sglang,tsvc_2_s275,4,312430.5,"[165250.0, 200834.0, 424027.0, 1075526.0]"
kimi27sglang,tsvc_2_s311,4,351619.0,"[142788.0, 217469.0, 485769.0, 771746.0]"
kimi27sglang,tsvc_2_s3110,4,355824.0,"[133506.0, 171050.0, 540598.0, 724785.0]"
kimi27sglang,tsvc_2_s3111,4,699880.0,"[445473.0, 648698.0, 751062.0, 792550.0]"
kimi27sglang,tsvc_2_s3112,4,242581.0,"[106909.0, 206113.0, 279049.0, 697131.0]"
kimi27sglang,tsvc_2_s316,4,338327.0,"[232634.0, 246193.0, 430461.0, 747344.0]"
kimi27sglang,tsvc_2_s318,4,361698.5,"[116251.0, 174970.0, 548427.0, 837178.0]"
kimi27sglang,tsvc_2_s319,4,567274.0,"[448794.0, 547270.0, 587278.0, 768431.0]"
kimi27sglang,tsvc_2_s323,4,281679.5,"[195203.0, 255639.0, 307720.0, 1036717.0]"
kimi27sglang,tsvc_2_s4112,4,556048.5,"[273610.0, 402733.0, 709364.0, 956277.0]"
kimi27sglang,tsvc_2_vag,4,558472.0,"[217024.0, 328997.0, 787947.0, 1060374.0]"
kimi27sglang,tsvc_2_vpvts,4,805694.5,"[266018.0, 792777.0, 818612.0, 966277.0]"
kimi27sglang,tsvc_2_vtvtv,4,937435.0,"[169389.0, 867863.0, 1007007.0, 1169562.0]"
kimi27sglang,versioned_distance_update,4,671371.5,"[125680.0, 595227.0, 747516.0, 899034.0]"
kimi27sglang,wf_diff_skew,4,420142.5,"[68822.0, 408075.0, 432210.0, 509517.0]"
kimi27sglang,wf_triangular,4,181356.0,"[67861.0, 114204.0, 248508.0, 250464.0]"
oss120b,argmax_with_index,7,1628645.0,"[175859.0, 313750.0, 568047.0, 1628645.0, 1816391.0, 2334694.0, 4365736.0]"
oss120b,compact_threshold_pack,6,7931264.0,"[1710587.0, 3125662.0, 7079470.0, 8783058.0, 14121125.0, 16750180.0]"
oss120b,ext_break_capture,5,6610982.0,"[614547.0, 1075240.0, 6610982.0, 8372041.0, 11877240.0]"
oss120b,ext_war_unit,4,918302.0,"[375148.0, 606220.0, 1230384.0, 2232278.0]"
oss120b,fuse_diamond,3,292902.0,"[60443.0, 292902.0, 2453647.0]"
oss120b,fuse_move_ifs,4,264934.5,"[115704.0, 233790.0, 296079.0, 336694.0]"
oss120b,fuse_stencil_through_transient,4,472144.5,"[124438.0, 255466.0, 688823.0, 1340237.0]"
oss120b,quasi_affine_reduce_odd,4,161667.0,"[130141.0, 155479.0, 167855.0, 229349.0]"
oss120b,scan_affine_decay,4,2445050.0,"[2206054.0, 2421726.0, 2468374.0, 3221813.0]"
oss120b,scatter_accum_dup,5,4246685.0,"[1370243.0, 1652944.0, 4246685.0, 9088690.0, 19676451.0]"
oss120b,segment_reduce_ragged,4,5973680.5,"[804735.0, 5504455.0, 6442906.0, 8723602.0]"
oss120b,tsvc_2_s115,4,767883.0,"[195073.0, 353655.0, 1182111.0, 1392747.0]"
oss120b,tsvc_2_s119,4,1124730.0,"[602935.0, 1092472.0, 1156988.0, 1432254.0]"
oss120b,tsvc_2_s1232,4,145271.5,"[64161.0, 81190.0, 209353.0, 492615.0]"
oss120b,tsvc_2_s1244,4,1506574.0,"[736484.0, 1264562.0, 1748586.0, 3400530.0]"
oss120b,tsvc_2_s152,4,391012.0,"[58103.0, 155759.0, 626265.0, 633376.0]"
oss120b,tsvc_2_s2233,4,463195.0,"[227610.0, 389767.0, 536623.0, 1254762.0]"
oss120b,tsvc_2_s2275,4,255918.0,"[237492.0, 240196.0, 271640.0, 467016.0]"
oss120b,tsvc_2_s231,4,4114756.5,"[904548.0, 2446876.0, 5782637.0, 6149923.0]"
oss120b,tsvc_2_s233,4,177449.5,"[67586.0, 110628.0, 244271.0, 340732.0]"
oss120b,tsvc_2_s235,4,2733345.5,"[1746730.0, 2199409.0, 3267282.0, 7730666.0]"
oss120b,tsvc_2_s252,4,145569.5,"[116943.0, 126700.0, 164439.0, 435389.0]"
oss120b,tsvc_2_s255,4,372548.5,"[118945.0, 154053.0, 591044.0, 1023657.0]"
oss120b,tsvc_2_s2710,4,1417976.0,"[746735.0, 1189020.0, 1646932.0, 4192366.0]"
oss120b,tsvc_2_s275,4,1284848.5,"[660176.0, 892346.0, 1677351.0, 4469669.0]"
oss120b,tsvc_2_s311,4,181845.5,"[115180.0, 171526.0, 192165.0, 241708.0]"
oss120b,tsvc_2_s3110,5,144228.0,"[108531.0, 109918.0, 144228.0, 652309.0, 3291215.0]"
oss120b,tsvc_2_s3111,4,202826.5,"[61597.0, 183766.0, 221887.0, 243790.0]"
oss120b,tsvc_2_s3112,4,1547018.5,"[799022.0, 1200569.0, 1893468.0, 2659920.0]"
oss120b,tsvc_2_s316,4,297510.5,"[171078.0, 178950.0, 416071.0, 549431.0]"
oss120b,tsvc_2_s318,4,1026174.0,"[511489.0, 715385.0, 1336963.0, 1668670.0]"
oss120b,tsvc_2_s319,4,391887.5,"[114760.0, 299622.0, 484153.0, 1517683.0]"
oss120b,tsvc_2_s323,4,4023493.0,"[1844325.0, 3620818.0, 4426168.0, 4967777.0]"
oss120b,tsvc_2_s4112,4,2830252.5,"[332608.0, 909464.0, 4751041.0, 17854847.0]"
oss120b,tsvc_2_vag,5,805152.0,"[554829.0, 773472.0, 805152.0, 3495136.0, 3712276.0]"
oss120b,tsvc_2_vpvts,4,724502.5,"[507942.0, 616881.0, 832124.0, 1936121.0]"
oss120b,tsvc_2_vtvtv,5,2362641.0,"[73715.0, 491005.0, 2362641.0, 2472049.0, 11535269.0]"
oss120b,versioned_distance_update,4,1904147.0,"[469004.0, 760989.0, 3047305.0, 3668069.0]"
oss120b,wf_diff_skew,4,806010.5,"[166751.0, 742460.0, 869561.0, 1192896.0]"
oss120b,wf_triangular,4,545636.0,"[213185.0, 291713.0, 799559.0, 1159705.0]"
qwen38,argmax_with_index,2,1891192.0,"[1175076.0, 2607308.0]"
qwen38,compact_threshold_pack,4,2230209.0,"[1491626.0, 1755248.0, 2705170.0, 4545619.0]"
qwen38,ext_break_capture,3,3362241.0,"[3295113.0, 3362241.0, 6105566.0]"
qwen38,ext_war_unit,4,2490921.0,"[337780.0, 2409925.0, 2571917.0, 3056832.0]"
qwen38,fuse_diamond,4,1949623.5,"[572916.0, 1400740.0, 2498507.0, 3850351.0]"
qwen38,fuse_move_ifs,4,526105.0,"[118398.0, 282022.0, 770188.0, 2011289.0]"
qwen38,fuse_stencil_through_transient,3,992661.0,"[984612.0, 992661.0, 1137923.0]"
qwen38,quasi_affine_reduce_odd,4,2494998.5,"[107840.0, 1707553.0, 3282444.0, 5226082.0]"
qwen38,scan_affine_decay,4,2055801.0,"[1317675.0, 2047797.0, 2063805.0, 2936063.0]"
qwen38,scatter_accum_dup,3,432858.0,"[242386.0, 432858.0, 3252340.0]"
qwen38,segment_reduce_ragged,3,1804703.0,"[765368.0, 1804703.0, 6844222.0]"
qwen38,tsvc_2_s115,4,1197752.0,"[123701.0, 736788.0, 1658716.0, 1703325.0]"
qwen38,tsvc_2_s119,3,2220914.0,"[1208110.0, 2220914.0, 2991084.0]"
qwen38,tsvc_2_s1232,4,2475284.5,"[1188039.0, 1658810.0, 3291759.0, 5775447.0]"
qwen38,tsvc_2_s1244,4,764602.5,"[512191.0, 602971.0, 926234.0, 2365741.0]"
qwen38,tsvc_2_s152,4,1496212.5,"[590761.0, 1313389.0, 1679036.0, 6470739.0]"
qwen38,tsvc_2_s2233,3,2560932.0,"[1023250.0, 2560932.0, 3006155.0]"
qwen38,tsvc_2_s2275,4,227034.0,"[53657.0, 226529.0, 227539.0, 376915.0]"
qwen38,tsvc_2_s231,4,2122624.0,"[342593.0, 1406694.0, 2838554.0, 5614579.0]"
qwen38,tsvc_2_s233,4,936898.5,"[245510.0, 301567.0, 1572230.0, 2301106.0]"
qwen38,tsvc_2_s235,4,1245922.0,"[150366.0, 246063.0, 2245781.0, 2352886.0]"
qwen38,tsvc_2_s252,4,731955.5,"[171136.0, 353331.0, 1110580.0, 2950140.0]"
qwen38,tsvc_2_s255,4,2561940.0,"[558740.0, 1913073.0, 3210807.0, 3851655.0]"
qwen38,tsvc_2_s2710,4,1105887.0,"[275826.0, 591421.0, 1620353.0, 7291567.0]"
qwen38,tsvc_2_s275,4,920338.5,"[427733.0, 609256.0, 1231421.0, 3196133.0]"
qwen38,tsvc_2_s311,4,1028619.5,"[431510.0, 532517.0, 1524722.0, 1742737.0]"
qwen38,tsvc_2_s3110,4,1748284.5,"[169618.0, 300596.0, 3195973.0, 3732383.0]"
qwen38,tsvc_2_s3111,4,2258770.5,"[256105.0, 750632.0, 3766909.0, 5753619.0]"
qwen38,tsvc_2_s3112,2,485912.0,"[334064.0, 637760.0]"
qwen38,tsvc_2_s316,3,1223614.0,"[1133874.0, 1223614.0, 2427300.0]"
qwen38,tsvc_2_s318,4,950909.5,"[157596.0, 638500.0, 1263319.0, 1324815.0]"
qwen38,tsvc_2_s319,4,1854912.5,"[1015244.0, 1017376.0, 2692449.0, 5165362.0]"
qwen38,tsvc_2_s323,4,1097847.0,"[643974.0, 988615.0, 1207079.0, 1459316.0]"
qwen38,tsvc_2_s4112,3,1199496.0,"[94463.0, 1199496.0, 1676159.0]"
qwen38,tsvc_2_vag,4,1667508.5,"[98364.0, 114452.0, 3220565.0, 4218112.0]"
qwen38,tsvc_2_vpvts,4,2408706.5,"[90303.0, 2351577.0, 2465836.0, 2702299.0]"
qwen38,tsvc_2_vtvtv,4,637718.5,"[187585.0, 483527.0, 791910.0, 950231.0]"
qwen38,versioned_distance_update,3,1725658.0,"[386036.0, 1725658.0, 4993050.0]"
qwen38,wf_diff_skew,3,265101.0,"[154067.0, 265101.0, 2056647.0]"
qwen38,wf_triangular,4,1161722.0,"[288611.0, 852017.0, 1471427.0, 2051965.0]"
