kernel,language,precision,path,sha256,bytes
argmax_with_index,binding,fp32,lowerings/argmax_with_index/argmax_with_index_fp32_binding.json,38ecf2a1f925856c74274a36c575fb3c42896325a393bd312128184aa6daa5a9,712
argmax_with_index,binding,fp64,lowerings/argmax_with_index/argmax_with_index_fp64_binding.json,b47f628cb5e000942a1bb2674b849ad05bdcd243e9d1fd0b20cb6eb22f7bc0c9,714
argmax_with_index,c,fp32,lowerings/argmax_with_index/argmax_with_index_fp32.c,0402c24e25553a554cad88da3eb154f670c023a10b89214bb3d86bb1a8b4a433,8496
argmax_with_index,c,fp64,lowerings/argmax_with_index/argmax_with_index_fp64.c,ca2875121b4816def8dfd27cee8abd3dc48c19ede4f63b0e13a494d60419c0ea,8499
argmax_with_index,cpp,fp32,lowerings/argmax_with_index/argmax_with_index_fp32.cpp,f0044d80af8d3ccd7125fe1e707622fdad21a3f2bfc1cad71078bdaff318aede,7544
argmax_with_index,cpp,fp64,lowerings/argmax_with_index/argmax_with_index_fp64.cpp,ff0a732ea8af83dcf32b39f0fd93040c9dc7c3633a9d911bec2f5f7adb46ed9c,7547
argmax_with_index,fortran,fp32,lowerings/argmax_with_index/argmax_with_index_fp32.f90,30ae4a319de62cc50a522f16222f98ba0ec0dfdb07ed540b88a661c2242932ad,870
argmax_with_index,fortran,fp64,lowerings/argmax_with_index/argmax_with_index_fp64.f90,104b80fdf7965923f3c908c1801061f50cc022b3c77e13d196569dd96e708ddb,874
compact_threshold_pack,binding,fp32,lowerings/compact_threshold_pack/compact_threshold_pack_fp32_binding.json,e79ade37aa3f578dd2ad0bfaba7520175d2263a1fe9b3ae2278f826378a0ec17,857
compact_threshold_pack,binding,fp64,lowerings/compact_threshold_pack/compact_threshold_pack_fp64_binding.json,07e3b162b1fdba437496748bfc3487718031840c6de0f13da5ae5f43d0205665,860
compact_threshold_pack,c,fp32,lowerings/compact_threshold_pack/compact_threshold_pack_fp32.c,f780342ced0ec841aeb5f2fc06271877651a3109e2fe45f22ba5fa9cf243cccd,8501
compact_threshold_pack,c,fp64,lowerings/compact_threshold_pack/compact_threshold_pack_fp64.c,612d0eca8211b705582344bfdf8d75f0db9e81eef80bae90d1f8d8aca6225e45,8503
compact_threshold_pack,cpp,fp32,lowerings/compact_threshold_pack/compact_threshold_pack_fp32.cpp,2d8cfec1155ae6014effbe741003afdfd378511020498025b324f09365e4ca0c,7553
compact_threshold_pack,cpp,fp64,lowerings/compact_threshold_pack/compact_threshold_pack_fp64.cpp,ee2b9f7ceee699ebdf7cf51f648631fec2cea464f715d4bb181251b47e0d9ce5,7555
compact_threshold_pack,fortran,fp32,lowerings/compact_threshold_pack/compact_threshold_pack_fp32.f90,9cbd937b227dedcff0a1f94ca677ec6f43db8072ea840f9ee6902d009189cbce,928
compact_threshold_pack,fortran,fp64,lowerings/compact_threshold_pack/compact_threshold_pack_fp64.f90,4fa6c9c56d43f866d8306e0660aa4425889769865d76574da25c534b910bdeb3,932
ext_break_capture,binding,fp32,lowerings/ext_break_capture/ext_break_capture_fp32_binding.json,5075731cb8cdeb95d9df043095db0553e47cc5650a28742b6f1a3b1b630b9028,712
ext_break_capture,binding,fp64,lowerings/ext_break_capture/ext_break_capture_fp64_binding.json,0df4c0765a887842b34f7ac371c5521d917ebfa190a7f6fb2166584f7f860138,714
ext_break_capture,c,fp32,lowerings/ext_break_capture/ext_break_capture_fp32.c,4bcb6fc01674ed1ee18827ad2a83cb73997f8a2eddc2943fbead18f83c0ed285,8493
ext_break_capture,c,fp64,lowerings/ext_break_capture/ext_break_capture_fp64.c,92cf61c95efeff0f8e3ac23a3c8056e314433bcbe484f6841c3cc5d4d78bfbd7,8494
ext_break_capture,cpp,fp32,lowerings/ext_break_capture/ext_break_capture_fp32.cpp,4183edd1bcfa6eaba728e3b555fa3e596d5f3ca3cf95e4208c86fb5d1e1fd1a8,7541
ext_break_capture,cpp,fp64,lowerings/ext_break_capture/ext_break_capture_fp64.cpp,edf828d1cda405026c05907458aa07388fb4d714f13944e5734d1193e57c254f,7542
ext_break_capture,fortran,fp32,lowerings/ext_break_capture/ext_break_capture_fp32.f90,d2d0ac8683dbd165ef76da3b156764e8fa06a6507b28593eb595827e90846e45,908
ext_break_capture,fortran,fp64,lowerings/ext_break_capture/ext_break_capture_fp64.f90,48745b652d4e715cd56538bfceda78ce78855e3c0848983e6b93bacf7b4538b2,911
ext_war_unit,binding,fp32,lowerings/ext_war_unit/ext_war_unit_fp32_binding.json,5581aefa860a35def4df1e6c17122104da7e2b8e05ec3d23e6cd656401bb5670,570
ext_war_unit,binding,fp64,lowerings/ext_war_unit/ext_war_unit_fp64_binding.json,e4514627f2994eb36d82327593f89fe67551574e92e6453a9eeded7199d978dc,572
ext_war_unit,c,fp32,lowerings/ext_war_unit/ext_war_unit_fp32.c,c79a45e1ef53c70b52a2d7b6fed8330202bfa9d363739467fc1c497df6fff374,8283
ext_war_unit,c,fp64,lowerings/ext_war_unit/ext_war_unit_fp64.c,dd7cf482909f5aed9a36a8aa6131ff27189192ade1f2838a14341aa5c01469f3,8285
ext_war_unit,cpp,fp32,lowerings/ext_war_unit/ext_war_unit_fp32.cpp,70291e78f7848bc35b3d9b15c0811480cc1b8ee543f52b94ef55f6dc16e0561a,7327
ext_war_unit,cpp,fp64,lowerings/ext_war_unit/ext_war_unit_fp64.cpp,c723c8cb0b60e9857c4baf284b884e1bf6107f769703e2e6ba38e63ce370f613,7329
ext_war_unit,fortran,fp32,lowerings/ext_war_unit/ext_war_unit_fp32.f90,e41a4fc81f336fba6abb33b0869dd46a99dbcdebd08127b02a627df1a61d0211,596
ext_war_unit,fortran,fp64,lowerings/ext_war_unit/ext_war_unit_fp64.f90,070fc39a385d1865e8a172f0de53001b604102eeca360b560467deb325d76317,598
fuse_diamond,binding,fp32,lowerings/fuse_diamond/fuse_diamond_fp32_binding.json,ed675d36dce66d83302afd77a9b6b7931a7537b6c0906cba963e3326ddd6c305,572
fuse_diamond,binding,fp64,lowerings/fuse_diamond/fuse_diamond_fp64_binding.json,b8933bb8d64de2bf02306549c1ca9a7744b3b24bce63c660c095661a135162d2,574
fuse_diamond,c,fp32,lowerings/fuse_diamond/fuse_diamond_fp32.c,84ee51cd435ca926c2a25949b769d7cfae2d4bd33be5ba7dbea199e5cd45a8d9,8809
fuse_diamond,c,fp64,lowerings/fuse_diamond/fuse_diamond_fp64.c,894aa5332c8f4e3961ed456358b7388baa635ac14553a610d7fc9213d38c9124,8818
fuse_diamond,cpp,fp32,lowerings/fuse_diamond/fuse_diamond_fp32.cpp,e54ac15c36c373d07af5f47acbfa3e77c919b8a150571228a75d45aeef128eca,7853
fuse_diamond,cpp,fp64,lowerings/fuse_diamond/fuse_diamond_fp64.cpp,955569b8833a83458c1a176d30340fd3513ffbb6c64ae29df7828ca89d80be3f,7862
fuse_diamond,fortran,fp32,lowerings/fuse_diamond/fuse_diamond_fp32.f90,c60ece32bf620186c71afe1840cc1c22ce3e29b580d7d9f753513cebe3db23e7,987
fuse_diamond,fortran,fp64,lowerings/fuse_diamond/fuse_diamond_fp64.f90,1cdc65122276f426fa0f2b3d37155c5da9e4af80f91242d0b42157982336481b,994
fuse_move_ifs,binding,fp32,lowerings/fuse_move_ifs/fuse_move_ifs_fp32_binding.json,0b4ca54110d363577c8588d3a4ca61f5f2e8daaa0a9c27bb4b2ba579c61639f4,892
fuse_move_ifs,binding,fp64,lowerings/fuse_move_ifs/fuse_move_ifs_fp64_binding.json,51922eed661ef7201bc7196f32d533468a5bf3cf558485d011b82a7f50a63df3,896
fuse_move_ifs,c,fp32,lowerings/fuse_move_ifs/fuse_move_ifs_fp32.c,cca6a95e99abd89f0da87eb6966a14ab03ec4ed3323ac377da82fb9d1ef378bd,8721
fuse_move_ifs,c,fp64,lowerings/fuse_move_ifs/fuse_move_ifs_fp64.c,c436f9f9e32044a859071233a39e5517d720b3d128ef3b38ba3264c8e3582e31,8722
fuse_move_ifs,cpp,fp32,lowerings/fuse_move_ifs/fuse_move_ifs_fp32.cpp,8a3804e53cef86c47742bd885e7b969e2da26a6240142362929841b784926bc2,7773
fuse_move_ifs,cpp,fp64,lowerings/fuse_move_ifs/fuse_move_ifs_fp64.cpp,af2276d219af5141c4e721e8eb8e6d649f8fcb88130d0572c31f396771be05c7,7774
fuse_move_ifs,fortran,fp32,lowerings/fuse_move_ifs/fuse_move_ifs_fp32.f90,988bb15119f8ca90384d65d1fe0e032250af32b36ccb774774674e9784a6a6e1,1167
fuse_move_ifs,fortran,fp64,lowerings/fuse_move_ifs/fuse_move_ifs_fp64.f90,e451211e77193bf2b2cea6415ea544249fdbc937a9c8911a444bf550069c408b,1174
fuse_stencil_through_transient,binding,fp32,lowerings/fuse_stencil_through_transient/fuse_stencil_through_transient_fp32_binding.json,998af0edf0de00253bdc891dae990d7bdbaf2ad33a80a40f8175eb3d59b9ff74,698
fuse_stencil_through_transient,binding,fp64,lowerings/fuse_stencil_through_transient/fuse_stencil_through_transient_fp64_binding.json,7fb31468cb3737e79bdc77235f17fe5bc3354a6fcc02ba9d5dbf928a89fc179d,700
fuse_stencil_through_transient,c,fp32,lowerings/fuse_stencil_through_transient/fuse_stencil_through_transient_fp32.c,920469c56165f3f0557b4f7fbb87c66b490f04737fdd5bbcdcae37d71b7fe174,8538
fuse_stencil_through_transient,c,fp64,lowerings/fuse_stencil_through_transient/fuse_stencil_through_transient_fp64.c,07a3372cf4ac5aa12c7afce48ed7be4b0f22e008ffe019c0421bc277dd75106c,8543
fuse_stencil_through_transient,cpp,fp32,lowerings/fuse_stencil_through_transient/fuse_stencil_through_transient_fp32.cpp,4a9ca369a36d7ca7f5e24dd794fb337d8f2ae52aba4987ca8711a400a56f881d,7582
fuse_stencil_through_transient,cpp,fp64,lowerings/fuse_stencil_through_transient/fuse_stencil_through_transient_fp64.cpp,187fbaab48e38c75cc1e4357df82151826609977996d5f47efd780396f66deec,7587
fuse_stencil_through_transient,fortran,fp32,lowerings/fuse_stencil_through_transient/fuse_stencil_through_transient_fp32.f90,3d64f98607802c1c30cf734b273d726f3d2aabadea7c023f7764214403b399d9,851
fuse_stencil_through_transient,fortran,fp64,lowerings/fuse_stencil_through_transient/fuse_stencil_through_transient_fp64.f90,03566ed6f216d854018cfa0a9443965ed7e3ffd6e9334f107e159176546b707a,854
quasi_affine_reduce_odd,binding,fp32,lowerings/quasi_affine_reduce_odd/quasi_affine_reduce_odd_fp32_binding.json,3cb013fe5d881175b748fd302e15578eb156aafaafe2bb6040d4bef5958bce87,644
quasi_affine_reduce_odd,binding,fp64,lowerings/quasi_affine_reduce_odd/quasi_affine_reduce_odd_fp64_binding.json,ec0c14b34968178fd6890cdafa493342cee3d59b843e50c11d2bd2802c9860f6,646
quasi_affine_reduce_odd,c,fp32,lowerings/quasi_affine_reduce_odd/quasi_affine_reduce_odd_fp32.c,2fa579cab9ca34b731d11b93e11624ca7e46620f46de6b0edcbea92d4a697648,8325
quasi_affine_reduce_odd,c,fp64,lowerings/quasi_affine_reduce_odd/quasi_affine_reduce_odd_fp64.c,7562ee8b3981ffc3bfeaeb5e1b78dc76102e137b024566bb96f616dd3ff246a5,8326
quasi_affine_reduce_odd,cpp,fp32,lowerings/quasi_affine_reduce_odd/quasi_affine_reduce_odd_fp32.cpp,34409229ec34c0abd5d7ec2f20669e381bf5704d7f7fbb0f45802bda7c11424b,7369
quasi_affine_reduce_odd,cpp,fp64,lowerings/quasi_affine_reduce_odd/quasi_affine_reduce_odd_fp64.cpp,44589da4979354908b42833bddedc4e805dc69be20ccda6c5256741077005a49,7370
quasi_affine_reduce_odd,fortran,fp32,lowerings/quasi_affine_reduce_odd/quasi_affine_reduce_odd_fp32.f90,dab06fd38f86f666bab7b7a667a65e5d6e9059ee7497fcee1442d59a31cf2aab,659
quasi_affine_reduce_odd,fortran,fp64,lowerings/quasi_affine_reduce_odd/quasi_affine_reduce_odd_fp64.f90,b09a9ec8ee5ac297f6f5cbd6f296f89b080bfce5045911cd14c23b0fc6ab345a,662
scan_affine_decay,binding,fp32,lowerings/scan_affine_decay/scan_affine_decay_fp32_binding.json,444d698574ae00f6a9595c6608d8fc2227c2601b528a5501c2490fab1d5431d2,706
scan_affine_decay,binding,fp64,lowerings/scan_affine_decay/scan_affine_decay_fp64_binding.json,8b366499b98d06708ef9748cb0a10f84d6afa71870f919dae124338a518fc5af,709
scan_affine_decay,c,fp32,lowerings/scan_affine_decay/scan_affine_decay_fp32.c,47c6c5d9cf5f086e57fb748d6cb3e909496b6f8f613cabeb7936cafc1aa3e3f6,8321
scan_affine_decay,c,fp64,lowerings/scan_affine_decay/scan_affine_decay_fp64.c,d64ef9e9c5c90619639560c75fa379ef20cb7f6958e62a61874d081de1928031,8324
scan_affine_decay,cpp,fp32,lowerings/scan_affine_decay/scan_affine_decay_fp32.cpp,1f24a8e793d6ecb43d9105e3b8fdcc7a3aee984b33e9d2d48aee3a0be35ebc5d,7369
scan_affine_decay,cpp,fp64,lowerings/scan_affine_decay/scan_affine_decay_fp64.cpp,f5d8c666b2e1a95f99ceb85ca16e750173f72499bdba209ee90fc74e544648f0,7372
scan_affine_decay,fortran,fp32,lowerings/scan_affine_decay/scan_affine_decay_fp32.f90,0be30bef875b29ee82ebf39ccda86eece8004ebf1a2a449f74c9dbc908e7d86e,674
scan_affine_decay,fortran,fp64,lowerings/scan_affine_decay/scan_affine_decay_fp64.f90,fc28754a308603a608eaf7d32584286799bc79f1e4d679969d034812634bae1d,677
scatter_accum_dup,binding,fp32,lowerings/scatter_accum_dup/scatter_accum_dup_fp32_binding.json,b42cb53528506c73149d450bfc6fb8cb2144fbd01d4a5b4047a2a0115d9451df,712
scatter_accum_dup,binding,fp64,lowerings/scatter_accum_dup/scatter_accum_dup_fp64_binding.json,61a329057c4c3dfbda5ea5476fbf7d149ef6679849bc7e54b090323a2167002a,714
scatter_accum_dup,c,fp32,lowerings/scatter_accum_dup/scatter_accum_dup_fp32.c,525d953a3677a5e08821885ca3a9636ebe91bc0a223a6261c3cf23739f8f58ad,8356
scatter_accum_dup,c,fp64,lowerings/scatter_accum_dup/scatter_accum_dup_fp64.c,25669633033d537c93ea877b0d5a0cc6efb271f25b1506bbed4bcc02467ae997,8358
scatter_accum_dup,cpp,fp32,lowerings/scatter_accum_dup/scatter_accum_dup_fp32.cpp,530ea5dddd057cefa2e6258c7c84da4a845046dc7987a660f4c64ded4f275551,7404
scatter_accum_dup,cpp,fp64,lowerings/scatter_accum_dup/scatter_accum_dup_fp64.cpp,6ced4ac68e3d9bca2b4508cbba0702feeab336058f7364171149668e307e7656,7406
scatter_accum_dup,fortran,fp32,lowerings/scatter_accum_dup/scatter_accum_dup_fp32.f90,d480ae835b12732a7bcfa17ed533fc84bdf50aa837b3685078ed1e7f5d19b315,715
scatter_accum_dup,fortran,fp64,lowerings/scatter_accum_dup/scatter_accum_dup_fp64.f90,d608176efc4d45597f209cc6f7769ea4599e71c5f9d50a0aa42a1b3653ff0feb,717
segment_reduce_ragged,binding,fp32,lowerings/segment_reduce_ragged/segment_reduce_ragged_fp32_binding.json,4bd60b2fdae19f98be864ffc1b17c797abc92728a01c82948981481d010bd6fd,849
segment_reduce_ragged,binding,fp64,lowerings/segment_reduce_ragged/segment_reduce_ragged_fp64_binding.json,c86e7be935cb240083fb9fb3e1b00a3ecb687981adbd5381f740274ba903bb14,852
segment_reduce_ragged,c,fp32,lowerings/segment_reduce_ragged/segment_reduce_ragged_fp32.c,fa5b05cc40b15a766448d2562aa588e3a977e607e0a77863519363fadf75468b,8503
segment_reduce_ragged,c,fp64,lowerings/segment_reduce_ragged/segment_reduce_ragged_fp64.c,030cbedb3ce09844cac8cab9d588a4e7771b10e4e8c8f86ff5625e013e601eee,8506
segment_reduce_ragged,cpp,fp32,lowerings/segment_reduce_ragged/segment_reduce_ragged_fp32.cpp,913ff4a50426cc00bb7351ce21b8f667622652a3ab4fe61c150e05955d28982c,7555
segment_reduce_ragged,cpp,fp64,lowerings/segment_reduce_ragged/segment_reduce_ragged_fp64.cpp,9dd8d989d6332fb1433b03c1525c2abab2cc475b3c9b77f718880f67666d406e,7558
segment_reduce_ragged,fortran,fp32,lowerings/segment_reduce_ragged/segment_reduce_ragged_fp32.f90,1aa64db45781d77f81b28f286a29f57f6da36ed91ebc640ae1dc2fb4fa43a89a,919
segment_reduce_ragged,fortran,fp64,lowerings/segment_reduce_ragged/segment_reduce_ragged_fp64.f90,fd6596435f8eb8de26a67616ec68e1a120dfe6a43319c7acb4256fb30ac246b5,924
tsvc_2_s115,binding,fp32,lowerings/tsvc_2_s115/tsvc_2_s115_fp32_binding.json,4789637340ccee1fd3ea9151856914cd441840067c3cc11be4fa5cadc56b9de9,582
tsvc_2_s115,binding,fp64,lowerings/tsvc_2_s115/tsvc_2_s115_fp64_binding.json,5fb08150437957a48aa9b604bb4e0359066accc91a84b2e3cc822736900aeef3,584
tsvc_2_s115,c,fp32,lowerings/tsvc_2_s115/tsvc_2_s115_fp32.c,69ae5fdd5627887ceccf3bed7aa1161570a5d52f2059c8e56fdfb54e32954713,8366
tsvc_2_s115,c,fp64,lowerings/tsvc_2_s115/tsvc_2_s115_fp64.c,e3b70f76bc5664867db40c1ebbaf5e2686465a235e2ccd95d123b50b93f0b77f,8368
tsvc_2_s115,cpp,fp32,lowerings/tsvc_2_s115/tsvc_2_s115_fp32.cpp,a8176f3bc2601708ac407489309c29590f75512a359f61c1d61480e98a0950a4,7410
tsvc_2_s115,cpp,fp64,lowerings/tsvc_2_s115/tsvc_2_s115_fp64.cpp,4ac80c806e85c4b526ffebf080c10aafa734704fc5bd7fd626c386cbbf4e3b1b,7412
tsvc_2_s115,fortran,fp32,lowerings/tsvc_2_s115/tsvc_2_s115_fp32.f90,228a3e89dc2b7a39c27be4453e55b79fa79077e88143c6ef8a7916018b2b5003,689
tsvc_2_s115,fortran,fp64,lowerings/tsvc_2_s115/tsvc_2_s115_fp64.f90,bb79d25f3e82d3800a2b8377656f548c71f3ba1abaec28176d4aeae82cb4d2a1,691
tsvc_2_s119,binding,fp32,lowerings/tsvc_2_s119/tsvc_2_s119_fp32_binding.json,2b18cf5010cbfe45c76d230033a7b1bf33a248f2a2b786ff81aa79b190bfa71e,601
tsvc_2_s119,binding,fp64,lowerings/tsvc_2_s119/tsvc_2_s119_fp64_binding.json,b085fc401afc195f699cd300a0b3f2fe1a9e9fc608289781d3c0d0ab1a124514,603
tsvc_2_s119,c,fp32,lowerings/tsvc_2_s119/tsvc_2_s119_fp32.c,ecd35a91354da25a6f5ec0abbafc69401311b64fb2ebd39b58b3db184cb0a92b,8400
tsvc_2_s119,c,fp64,lowerings/tsvc_2_s119/tsvc_2_s119_fp64.c,9841b3e6c8ef38abe4e4cbdc45abb67f89755bb13d3b947ca634c606c78738ea,8402
tsvc_2_s119,cpp,fp32,lowerings/tsvc_2_s119/tsvc_2_s119_fp32.cpp,70331ae98f541a0b873a79a5b196036d6d2b008463d20f6cde9feb2495b3255f,7444
tsvc_2_s119,cpp,fp64,lowerings/tsvc_2_s119/tsvc_2_s119_fp64.cpp,4672956a18df29c85fb9b894556d1eed579f19acebab87b9e146fd43ec814274,7446
tsvc_2_s119,fortran,fp32,lowerings/tsvc_2_s119/tsvc_2_s119_fp32.f90,775c572a22d1fdcc073b77ffd6f01127611dd0d814268b40f8e6d22057837e0c,710
tsvc_2_s119,fortran,fp64,lowerings/tsvc_2_s119/tsvc_2_s119_fp64.f90,53bf4f9f2a5eb92b87e91152634b7a6026144cba6fec042bffbbbe3fd818d4d2,712
tsvc_2_s1232,binding,fp32,lowerings/tsvc_2_s1232/tsvc_2_s1232_fp32_binding.json,8cf737d5d151ce9c387cc1506cdf523c42d176ca874c7b0cb27acb3b31c190a0,785
tsvc_2_s1232,binding,fp64,lowerings/tsvc_2_s1232/tsvc_2_s1232_fp64_binding.json,7319df4461690687f83e34a98d2bd9bd6b1e3da5c68ff754c1005178fc9fc1d2,788
tsvc_2_s1232,c,fp32,lowerings/tsvc_2_s1232/tsvc_2_s1232_fp32.c,232b45d42389260cadc006d6281223571d9e2621fc8c85a267fa504456544a7f,8445
tsvc_2_s1232,c,fp64,lowerings/tsvc_2_s1232/tsvc_2_s1232_fp64.c,a6e5d963ef6aefc7668fbdfbb890c612f293aec7323dce51bd6be3f50e53812b,8448
tsvc_2_s1232,cpp,fp32,lowerings/tsvc_2_s1232/tsvc_2_s1232_fp32.cpp,52afa7fd40652d06b0bef0cf37f4c8e1ea09ea3e852d64208da6da8791e67b8d,7493
tsvc_2_s1232,cpp,fp64,lowerings/tsvc_2_s1232/tsvc_2_s1232_fp64.cpp,b0c601b610bb0cfe867e936f3608802c3d378b472b20a33b64a5136c9e53bb4b,7496
tsvc_2_s1232,fortran,fp32,lowerings/tsvc_2_s1232/tsvc_2_s1232_fp32.f90,cfa38315adf50035dd9142f2bd6d467778a541d36e56c23cb1325622e5231324,826
tsvc_2_s1232,fortran,fp64,lowerings/tsvc_2_s1232/tsvc_2_s1232_fp64.f90,8cb3f94dc0fbb451fe0755f9d1394f955dcd190f0d6e0523ab48a431592b0561,829
tsvc_2_s1244,binding,fp32,lowerings/tsvc_2_s1244/tsvc_2_s1244_fp32_binding.json,ae2ab4df22860cd8e6c9cc02cf5f2c362c812b8a6187b538bce371daf64fb585,772
tsvc_2_s1244,binding,fp64,lowerings/tsvc_2_s1244/tsvc_2_s1244_fp64_binding.json,6939b93e57c5ce53561f539a96f91a59cdc9495d68af15cd199128072a133872,776
tsvc_2_s1244,c,fp32,lowerings/tsvc_2_s1244/tsvc_2_s1244_fp32.c,0712f73ec3cd870b5e9de8175bfadab1d33c654834441fe3c3ab2d6521e3062a,8395
tsvc_2_s1244,c,fp64,lowerings/tsvc_2_s1244/tsvc_2_s1244_fp64.c,065170883122bceafd6306aff9cade56e262363a3f6c04b19dffd50e8547c7c5,8399
tsvc_2_s1244,cpp,fp32,lowerings/tsvc_2_s1244/tsvc_2_s1244_fp32.cpp,aeee3cc8bed91b8ef27ebf1ead1990fe4b1fb076b22ff3f5980712ae7dc343bb,7447
tsvc_2_s1244,cpp,fp64,lowerings/tsvc_2_s1244/tsvc_2_s1244_fp64.cpp,d16b9df035e210e630694ca3f8c43f0e55fdcf469d99c18961e63453fa8e46c5,7451
tsvc_2_s1244,fortran,fp32,lowerings/tsvc_2_s1244/tsvc_2_s1244_fp32.f90,759110699a404848c867b4dddf8f5b74e099b96e3de7811927f259ac47f3741a,830
tsvc_2_s1244,fortran,fp64,lowerings/tsvc_2_s1244/tsvc_2_s1244_fp64.f90,de5c22c53845558f382603167ece06f48d80ebc33b01a55c749a5d46b5d9d1dc,834
tsvc_2_s152,binding,fp32,lowerings/tsvc_2_s152/tsvc_2_s152_fp32_binding.json,485855188380d7981979af2a978452d87df304e2c8111318eb8b8227bd4ea356,866
tsvc_2_s152,binding,fp64,lowerings/tsvc_2_s152/tsvc_2_s152_fp64_binding.json,b93b643dbea89b672ddda25dc89ff43d9d1b4a5efbc3155590c05a7b841224dd,871
tsvc_2_s152,c,fp32,lowerings/tsvc_2_s152/tsvc_2_s152_fp32.c,961751668e6a29468eda602e1ca04e25daa0f8058e6612d74dd0dbfa51c4056d,8436
tsvc_2_s152,c,fp64,lowerings/tsvc_2_s152/tsvc_2_s152_fp64.c,f65044a701963a291d914784ab31360a3c4df4a60915c2ef96ee32ea7e0e967d,8441
tsvc_2_s152,cpp,fp32,lowerings/tsvc_2_s152/tsvc_2_s152_fp32.cpp,9d8d6a410e507d31327cd511e0ed61cef6d508567c599d905c51fc09fe9cd7bd,7492
tsvc_2_s152,cpp,fp64,lowerings/tsvc_2_s152/tsvc_2_s152_fp64.cpp,9de0beed018113f8b76cfe85cd43be1e191f092601dd3357ed75a946c91773cd,7497
tsvc_2_s152,fortran,fp32,lowerings/tsvc_2_s152/tsvc_2_s152_fp32.f90,4ef15468ea5e5c19a51066202c87482db5af9974fe39d54ab56d344ee0227c39,842
tsvc_2_s152,fortran,fp64,lowerings/tsvc_2_s152/tsvc_2_s152_fp64.f90,012c1c0130f15853a5c954575ab8bb89c046542d0efd7e507edd6fd09a1d215f,847
tsvc_2_s2233,binding,fp32,lowerings/tsvc_2_s2233/tsvc_2_s2233_fp32_binding.json,68b61c634435f0f100369646596f0342e5df438e03877af39bf9ca71c70112b9,728
tsvc_2_s2233,binding,fp64,lowerings/tsvc_2_s2233/tsvc_2_s2233_fp64_binding.json,14933c96bd99c6445cb3688ab7e6c044a8476e255de30037679752168d0b0be4,731
tsvc_2_s2233,c,fp32,lowerings/tsvc_2_s2233/tsvc_2_s2233_fp32.c,ef40e162c2c049ec018845943c845d0d6e171b4ad1a4caae53334399deca92d4,8571
tsvc_2_s2233,c,fp64,lowerings/tsvc_2_s2233/tsvc_2_s2233_fp64.c,be1f211186581c5fef079b3799ec30e7a378d54b1c32c21029159a8216fbe419,8574
tsvc_2_s2233,cpp,fp32,lowerings/tsvc_2_s2233/tsvc_2_s2233_fp32.cpp,9c69b6802720d8af7495537439e7898583aef4a36a2b84e30460b2d1238ebb96,7619
tsvc_2_s2233,cpp,fp64,lowerings/tsvc_2_s2233/tsvc_2_s2233_fp64.cpp,dfb73841e41ba792045c173488d7a52a3f6112ad0889e9a29f35a7a613780c1e,7622
tsvc_2_s2233,fortran,fp32,lowerings/tsvc_2_s2233/tsvc_2_s2233_fp32.f90,fb35c3efcf431849fb4ed87f26a53811ac0470f77992e333da0e94c86dd603ae,927
tsvc_2_s2233,fortran,fp64,lowerings/tsvc_2_s2233/tsvc_2_s2233_fp64.f90,54b770181fb345f25bfe0546b21d87bda90e22d61a1015f17165f8050e8dbca9,930
tsvc_2_s2275,binding,fp32,lowerings/tsvc_2_s2275/tsvc_2_s2275_fp32_binding.json,cf0958390973ebaf2497f530eac1f8255fdab07bc84d9691bcd53db77733be27,1132
tsvc_2_s2275,binding,fp64,lowerings/tsvc_2_s2275/tsvc_2_s2275_fp64_binding.json,a6e50dbef53ac44052a2822467cf7995d6cf0924532cec2af16e3a4665d2d7b3,1139
tsvc_2_s2275,c,fp32,lowerings/tsvc_2_s2275/tsvc_2_s2275_fp32.c,ca7231bd57f8e08515b89305abb737c3f6f9e8e03c85ebfb7e2888d5668c36e3,8578
tsvc_2_s2275,c,fp64,lowerings/tsvc_2_s2275/tsvc_2_s2275_fp64.c,3969c00e4bbfa72d39b1c5f9122769f277b153e05ece90130f4cb1bcfdbad99e,8585
tsvc_2_s2275,cpp,fp32,lowerings/tsvc_2_s2275/tsvc_2_s2275_fp32.cpp,95b9f41792e07f7368fb3dcc2909dc174168f47426817269f323ddd63f989afd,7642
tsvc_2_s2275,cpp,fp64,lowerings/tsvc_2_s2275/tsvc_2_s2275_fp64.cpp,74a7dc0d197c97741f12a7f711cca1d0df9fd5de7d61c36cbfe9375c2d44082a,7649
tsvc_2_s2275,fortran,fp32,lowerings/tsvc_2_s2275/tsvc_2_s2275_fp32.f90,d6037a9ffd155efe169f2aa750cc29a46d0fb1f2d2f1bede7325fdd97f8863ac,1065
tsvc_2_s2275,fortran,fp64,lowerings/tsvc_2_s2275/tsvc_2_s2275_fp64.f90,c71a90443ebad2715866b90fcb4186d596a3b6c82c8e286d3614118982a44cde,1072
tsvc_2_s231,binding,fp32,lowerings/tsvc_2_s231/tsvc_2_s231_fp32_binding.json,795c4612d4f4f14c8072cd561e291d9aa4164ce317e9c8f39bec3f350430a2d6,601
tsvc_2_s231,binding,fp64,lowerings/tsvc_2_s231/tsvc_2_s231_fp64_binding.json,f2551eea492d635194852b49a09f02835608e5796c348eab2e386e1776b2c803,603
tsvc_2_s231,c,fp32,lowerings/tsvc_2_s231/tsvc_2_s231_fp32.c,c812009abe15edffed75203d5a2f436505dde65b56afd7c85f71793da9e70750,8394
tsvc_2_s231,c,fp64,lowerings/tsvc_2_s231/tsvc_2_s231_fp64.c,0e256910352f74b03c91c147087cea0c69b1e3d64959f1dd1f62e17a4e4d7776,8396
tsvc_2_s231,cpp,fp32,lowerings/tsvc_2_s231/tsvc_2_s231_fp32.cpp,3dd3ec3c9bd6c53a9fad090c9bd0900d18448d5fe1b73c9f6cc8261846bf3134,7438
tsvc_2_s231,cpp,fp64,lowerings/tsvc_2_s231/tsvc_2_s231_fp64.cpp,c4a55fcd257205e387bb25271385cad4b1a4b59e8b9b24034edf26abb33f8694,7440
tsvc_2_s231,fortran,fp32,lowerings/tsvc_2_s231/tsvc_2_s231_fp32.f90,e2a34bbcb9d068ec36ecf599cee1da3cc142e6a257c1ddbacef2fc25ddeacf6a,704
tsvc_2_s231,fortran,fp64,lowerings/tsvc_2_s231/tsvc_2_s231_fp64.f90,430d9061eca4f58d6e72564e2d66033e29bbfaa32e99a5af4a63c64e8bd0dc59,706
tsvc_2_s233,binding,fp32,lowerings/tsvc_2_s233/tsvc_2_s233_fp32_binding.json,804e73e56a5c4d37cd53641a8fa35fcb0e14f42e25e928aea579178fc7d7e8ab,721
tsvc_2_s233,binding,fp64,lowerings/tsvc_2_s233/tsvc_2_s233_fp64_binding.json,9c77e12f35e57d8190c0ff8556569bb2198a0aabf6638042b1d7eb7417a41a51,724
tsvc_2_s233,c,fp32,lowerings/tsvc_2_s233/tsvc_2_s233_fp32.c,858792e8ee429c4fcbeba31979ebf16c84af6105c4e46cb18e74098364314eb4,8569
tsvc_2_s233,c,fp64,lowerings/tsvc_2_s233/tsvc_2_s233_fp64.c,63b60c0b545ccd14f2e713f6f0bcbe9e76591e6117d2a5a2a682302b5ddbccde,8572
tsvc_2_s233,cpp,fp32,lowerings/tsvc_2_s233/tsvc_2_s233_fp32.cpp,0656077cf5adcfd5d6bd7a862e7ad30b552a0b40bcb1b138f1d7c8698ae7ca4a,7617
tsvc_2_s233,cpp,fp64,lowerings/tsvc_2_s233/tsvc_2_s233_fp64.cpp,f7bcd8071ebd2ea6bdc24ac7bb146bdb9799ae7263f362c439f6851a60050976,7620
tsvc_2_s233,fortran,fp32,lowerings/tsvc_2_s233/tsvc_2_s233_fp32.f90,17c0920288f7b26e92f97a284e5811174d2d02d9337183161a40b53aafe39cc3,923
tsvc_2_s233,fortran,fp64,lowerings/tsvc_2_s233/tsvc_2_s233_fp64.f90,db4f4ae15d0e7f2a59e202e31932b274e2f48f8c0a2f00452e1e81ef08df3b0e,926
tsvc_2_s235,binding,fp32,lowerings/tsvc_2_s235/tsvc_2_s235_fp32_binding.json,82423abc48dcd2b275cfa9210bf3d9ec5dc6026517ce4c6c864fbee82529e0a7,904
tsvc_2_s235,binding,fp64,lowerings/tsvc_2_s235/tsvc_2_s235_fp64_binding.json,5bed6fef4d68f93157b824de283899d71d3850bb784352508c82f02308f1aae5,909
tsvc_2_s235,c,fp32,lowerings/tsvc_2_s235/tsvc_2_s235_fp32.c,e3b5fe1c5c9f37477efa3bb6dae194e8d6d3cec69ba98cdf9a750ab9ac656380,8513
tsvc_2_s235,c,fp64,lowerings/tsvc_2_s235/tsvc_2_s235_fp64.c,454be8d0632593ea5f4c1e887037dddb58a28fad1d39fca7faf01d08c37392a9,8518
tsvc_2_s235,cpp,fp32,lowerings/tsvc_2_s235/tsvc_2_s235_fp32.cpp,ca9498c4c22a346c1616be951dc8cf9e545c9eda8a540483dc2653de9b5803db,7569
tsvc_2_s235,cpp,fp64,lowerings/tsvc_2_s235/tsvc_2_s235_fp64.cpp,7275c2fc45ab9001c33094167f4d670aabf413cbe7c4bc631eb1ddb74f11802b,7574
tsvc_2_s235,fortran,fp32,lowerings/tsvc_2_s235/tsvc_2_s235_fp32.f90,5ff59ddc3ce27fb728e9c00225601af38f59cc978f43baf19630371a85ce98a2,952
tsvc_2_s235,fortran,fp64,lowerings/tsvc_2_s235/tsvc_2_s235_fp64.f90,40aa4b9b6667b4a796de2abab1ef87e6a0f13e476ac20273d59cd1224d2f370d,957
tsvc_2_s252,binding,fp32,lowerings/tsvc_2_s252/tsvc_2_s252_fp32_binding.json,41e74a119e66254aa9b257ca6c94e6f71caa16f75b5614d140421823efb28298,664
tsvc_2_s252,binding,fp64,lowerings/tsvc_2_s252/tsvc_2_s252_fp64_binding.json,0dbfe77846a3e33754371c8bd726490cdd5ae200788cc4fb760c06c789445599,667
tsvc_2_s252,c,fp32,lowerings/tsvc_2_s252/tsvc_2_s252_fp32.c,85c419c4716ce9b6e92516ccfb37e57dd5e89db923210c420af94a5f05a27d86,8386
tsvc_2_s252,c,fp64,lowerings/tsvc_2_s252/tsvc_2_s252_fp64.c,ed3132ac980ce3ed89dfbf78e1bfaf1a8b02031dbbba64dcd2d23e2eaecdb680,8390
tsvc_2_s252,cpp,fp32,lowerings/tsvc_2_s252/tsvc_2_s252_fp32.cpp,50b485af306f455cce6df611e56eb0cddf88b5311ae555f556c26176ea1ee172,7434
tsvc_2_s252,cpp,fp64,lowerings/tsvc_2_s252/tsvc_2_s252_fp64.cpp,485d056b3af142bb8462b3b7508b4f83a222a28f5d46da591b6a1ece0832778b,7438
tsvc_2_s252,fortran,fp32,lowerings/tsvc_2_s252/tsvc_2_s252_fp32.f90,5f46297c9fe734c8273f385567dd43d4de3f3128d6e052f90187a4686e9eeb18,725
tsvc_2_s252,fortran,fp64,lowerings/tsvc_2_s252/tsvc_2_s252_fp64.f90,1e8139b7060dccc76289e325e65caf86594e276b58269cb37a094a750b9a966c,731
tsvc_2_s255,binding,fp32,lowerings/tsvc_2_s255/tsvc_2_s255_fp32_binding.json,a011e74331c585d932dcc6fb28e5655ab3fe81a5f4eda679caf6b7d67a5ca4bd,563
tsvc_2_s255,binding,fp64,lowerings/tsvc_2_s255/tsvc_2_s255_fp64_binding.json,533fccd041737e650a1b9a6daae367392a672d7c288c170e8398fa04bc859639,565
tsvc_2_s255,c,fp32,lowerings/tsvc_2_s255/tsvc_2_s255_fp32.c,bb4d25831e9bd80b294e9532952c0f81367bf79c96271d9aa74440492437c2bd,8412
tsvc_2_s255,c,fp64,lowerings/tsvc_2_s255/tsvc_2_s255_fp64.c,f92e2ad98229d5cab95d7211015119bd80640f78d6deb217b6eb8a03e3df89ab,8415
tsvc_2_s255,cpp,fp32,lowerings/tsvc_2_s255/tsvc_2_s255_fp32.cpp,9cca50fb2542b28c87164a4b16d1da7aa167fbca071f84cf898dd84676d70fcc,7456
tsvc_2_s255,cpp,fp64,lowerings/tsvc_2_s255/tsvc_2_s255_fp64.cpp,f450171e55749c2ac32e280d3bbee2b20f5afc0a13a8598cac4e4f1c7cbed707,7459
tsvc_2_s255,fortran,fp32,lowerings/tsvc_2_s255/tsvc_2_s255_fp32.f90,7f8960de1debc8146920c5592a44366a629c9fc59e3bc8a39f8e8b7eb315b04a,737
tsvc_2_s255,fortran,fp64,lowerings/tsvc_2_s255/tsvc_2_s255_fp64.f90,7e803f56b374e96310bf40f84fd1b76b76a8632d7aa3169c6abcc3a8fa825b23,742
tsvc_2_s2710,binding,fp32,lowerings/tsvc_2_s2710/tsvc_2_s2710_fp32_binding.json,6e74c1890f4751d967bb1d3f4861785b98e9825b8fcb4b4cf58a2e62da20efac,974
tsvc_2_s2710,binding,fp64,lowerings/tsvc_2_s2710/tsvc_2_s2710_fp64_binding.json,280d97bf37c1e20b0426bec3b2764ee7c9191e57fd6a69dc12d4d1c182c72d85,980
tsvc_2_s2710,c,fp32,lowerings/tsvc_2_s2710/tsvc_2_s2710_fp32.c,37421f708a6678457314de1afe129ec9661dd548a2c53de8747ffa72410592fd,8825
tsvc_2_s2710,c,fp64,lowerings/tsvc_2_s2710/tsvc_2_s2710_fp64.c,74c9b882ed5002e0d4c11b1f30a34c99e1521ca31786646616c915bac89eb67b,8829
tsvc_2_s2710,cpp,fp32,lowerings/tsvc_2_s2710/tsvc_2_s2710_fp32.cpp,aa97d2b250d76493726b3c31679897d8d4fa8c9c53b5c85445f08c584fc60f41,7885
tsvc_2_s2710,cpp,fp64,lowerings/tsvc_2_s2710/tsvc_2_s2710_fp64.cpp,149822242bd11f452a21fee7b32c51a809da736413e41306f2e4bbf7cefd9645,7889
tsvc_2_s2710,fortran,fp32,lowerings/tsvc_2_s2710/tsvc_2_s2710_fp32.f90,8f67ad14c579f9ecd7650b24fb4544aed801b6743f8b7f6b9165845e06464cea,1435
tsvc_2_s2710,fortran,fp64,lowerings/tsvc_2_s2710/tsvc_2_s2710_fp64.f90,2e8727c086d28ff5fc83041fe57afd97659b19bca622dadbf766120dbe0291ea,1443
tsvc_2_s275,binding,fp32,lowerings/tsvc_2_s275/tsvc_2_s275_fp32_binding.json,1a9d66efee0e9f043a610570dded68d047ec724bd53d6f903e44c1781a513869,721
tsvc_2_s275,binding,fp64,lowerings/tsvc_2_s275/tsvc_2_s275_fp64_binding.json,aa157221cb3581a23bde26f49216e91a928d09e8fe8fc008618bd20e2ae524e6,724
tsvc_2_s275,c,fp32,lowerings/tsvc_2_s275/tsvc_2_s275_fp32.c,0373846251f1ba0365c9015262a83ccf99175970fd54810d20cba056e89969eb,8514
tsvc_2_s275,c,fp64,lowerings/tsvc_2_s275/tsvc_2_s275_fp64.c,22273e35fca4b61486896a408fa84761de9c5e79d06f316937fb764af226e382,8516
tsvc_2_s275,cpp,fp32,lowerings/tsvc_2_s275/tsvc_2_s275_fp32.cpp,e609b11356506833e11b8bb29ca42381e7fea61d7bca45b172964c6faebe7b94,7562
tsvc_2_s275,cpp,fp64,lowerings/tsvc_2_s275/tsvc_2_s275_fp64.cpp,f350aed14296f27658e9a705f347e157cfa31b8623b358201a3a9c26d3e0ddea,7564
tsvc_2_s275,fortran,fp32,lowerings/tsvc_2_s275/tsvc_2_s275_fp32.f90,bb6f5d61dc6da81c8a199836582f75c5ec63d05b6b024815eec1d8a2f6a1cb54,895
tsvc_2_s275,fortran,fp64,lowerings/tsvc_2_s275/tsvc_2_s275_fp64.f90,10d01e278e3453018746d67ebdb43a9a2fb3cb92cd519de623ed34a0521ca358,899
tsvc_2_s311,binding,fp32,lowerings/tsvc_2_s311/tsvc_2_s311_fp32_binding.json,d5a666b91d66056d84a965bb4ef0c5f89de096fd903c3bc3a46e996d94672de3,569
tsvc_2_s311,binding,fp64,lowerings/tsvc_2_s311/tsvc_2_s311_fp64_binding.json,464f32315b798251bc422810631f8372ba1853af001f181c231c8a105ba44043,571
tsvc_2_s311,c,fp32,lowerings/tsvc_2_s311/tsvc_2_s311_fp32.c,cf06a4ed492bd60fbc6c42f17a3a8d46379a4acc5cdf692856cdb7177e40e106,8314
tsvc_2_s311,c,fp64,lowerings/tsvc_2_s311/tsvc_2_s311_fp64.c,3863d917a00170d7a6dbf89e65d9f77ceb602368fd3a59d966342a3b3258bf06,8315
tsvc_2_s311,cpp,fp32,lowerings/tsvc_2_s311/tsvc_2_s311_fp32.cpp,789bd30f008896b167e5ce0d70308b213f77cea8f8d51db92517687d8a4b8710,7358
tsvc_2_s311,cpp,fp64,lowerings/tsvc_2_s311/tsvc_2_s311_fp64.cpp,7850cabd1217d71123f95d26696ec2c7fe2ce0785fe96790bbaf073b06d7e77a,7359
tsvc_2_s311,fortran,fp32,lowerings/tsvc_2_s311/tsvc_2_s311_fp32.f90,9bdcd3076b6cdca0b5e468b2b0bd2ac6013c07fba797e72073f773d920664f73,633
tsvc_2_s311,fortran,fp64,lowerings/tsvc_2_s311/tsvc_2_s311_fp64.f90,5c49e125ced370112b66247219b9aed6df26669076455f41e502d71288f75512,636
tsvc_2_s3110,binding,fp32,lowerings/tsvc_2_s3110/tsvc_2_s3110_fp32_binding.json,d110afde46674a74fa627797824a5b622797ba507cc67539edc69ca4871ba948,598
tsvc_2_s3110,binding,fp64,lowerings/tsvc_2_s3110/tsvc_2_s3110_fp64_binding.json,4e1688b2d22243ff63b9c1e14825b53502636fdd60008c2bd15e20b6911a0059,600
tsvc_2_s3110,c,fp32,lowerings/tsvc_2_s3110/tsvc_2_s3110_fp32.c,a032637fa6db958eded55d7a0129acd0361393b786abafcd98a7d94434afc025,8798
tsvc_2_s3110,c,fp64,lowerings/tsvc_2_s3110/tsvc_2_s3110_fp64.c,5e4c1194323df4789c1a28d46b4c630b66ff14e7794b2775f49e22f117405b30,8804
tsvc_2_s3110,cpp,fp32,lowerings/tsvc_2_s3110/tsvc_2_s3110_fp32.cpp,84b835d717283984436a5f726de76ea784499408f1d1d55f5c8635237cd51dd5,7842
tsvc_2_s3110,cpp,fp64,lowerings/tsvc_2_s3110/tsvc_2_s3110_fp64.cpp,e7c404e42dadabb780abdfd36b76577ae96b750a9816836729a9318ecc3eeebb,7848
tsvc_2_s3110,fortran,fp32,lowerings/tsvc_2_s3110/tsvc_2_s3110_fp32.f90,985ca4b352b188b54f30f594561cfc5f97037ea97cf280008599ff605af1372d,1111
tsvc_2_s3110,fortran,fp64,lowerings/tsvc_2_s3110/tsvc_2_s3110_fp64.f90,d9aa28c6c02b7fc3cb852c4311d7a788be20eaa6423c8fd3e845c8d2fafa0c8b,1119
tsvc_2_s3111,binding,fp32,lowerings/tsvc_2_s3111/tsvc_2_s3111_fp32_binding.json,b9f9cd8fd84f9451a64c3fd976e9348e667ae78cd63981115788a3d96581a336,565
tsvc_2_s3111,binding,fp64,lowerings/tsvc_2_s3111/tsvc_2_s3111_fp64_binding.json,a96315a3fc0784587aa7dd8f20cbbb095739913cdf2e57769fa0fcc7d8500243,567
tsvc_2_s3111,c,fp32,lowerings/tsvc_2_s3111/tsvc_2_s3111_fp32.c,2e5296e71c3b5c4422c78355bd545658e6a92f8c78a7dc3580de07b0605685c5,8393
tsvc_2_s3111,c,fp64,lowerings/tsvc_2_s3111/tsvc_2_s3111_fp64.c,7c9a2717aa5d0a27886f991d04e8d3d280453a308e3373d0bcc7053b91d1a5f2,8394
tsvc_2_s3111,cpp,fp32,lowerings/tsvc_2_s3111/tsvc_2_s3111_fp32.cpp,7475c94b6d0b94fc5543fa75051306911fc2cc85275904f38077a4a876db7d70,7437
tsvc_2_s3111,cpp,fp64,lowerings/tsvc_2_s3111/tsvc_2_s3111_fp64.cpp,88dd8b0abc2f930856b44568e476af73fba882b2085c2099aaafb7ebeab57358,7438
tsvc_2_s3111,fortran,fp32,lowerings/tsvc_2_s3111/tsvc_2_s3111_fp32.f90,cb16cca1a4c53e3f9441780222f0290fc7673ae0db940c4a6199b18bfbdb0790,713
tsvc_2_s3111,fortran,fp64,lowerings/tsvc_2_s3111/tsvc_2_s3111_fp64.f90,142b5857d12db8f719480b2ed6c5f2e11586a536061bb7b0a8246aff8af97fc0,718
tsvc_2_s3112,binding,fp32,lowerings/tsvc_2_s3112/tsvc_2_s3112_fp32_binding.json,15ea8296c11e5b171ab5f9e9f229b10cb13b68051d49a0270e3f0c789f56c3c1,570
tsvc_2_s3112,binding,fp64,lowerings/tsvc_2_s3112/tsvc_2_s3112_fp64_binding.json,a256c12f71fc597a21ff8eb2140aa205f22e568d1fa0efe3a4f83f655c8b141b,572
tsvc_2_s3112,c,fp32,lowerings/tsvc_2_s3112/tsvc_2_s3112_fp32.c,42ca317cd9fb45dd3010b2c57b37f11c8c6206e7dd922f6b99f7792343ff14d2,8330
tsvc_2_s3112,c,fp64,lowerings/tsvc_2_s3112/tsvc_2_s3112_fp64.c,d9b2b5c803f01f7e3588d3da626167d83841dfecc813b2ecacd3e99ed2d2fb71,8332
tsvc_2_s3112,cpp,fp32,lowerings/tsvc_2_s3112/tsvc_2_s3112_fp32.cpp,1167d57b9648fe0644f892eeb55e03195391b6ab1fc3eb29976df25cb3500bd6,7374
tsvc_2_s3112,cpp,fp64,lowerings/tsvc_2_s3112/tsvc_2_s3112_fp64.cpp,91c5a4b501c1c94f74552b8803fa3ff461f4f7aaab6f4cf08207a5957099b230,7376
tsvc_2_s3112,fortran,fp32,lowerings/tsvc_2_s3112/tsvc_2_s3112_fp32.f90,aacf38796b5bf1010878a91cab2fe432df08ca78a711816a78ec8af031270193,638
tsvc_2_s3112,fortran,fp64,lowerings/tsvc_2_s3112/tsvc_2_s3112_fp64.f90,0761bcd6a16a58d93e11e912804d76cbb565582edb839f8b61a7f5de971133aa,642
tsvc_2_s316,binding,fp32,lowerings/tsvc_2_s316/tsvc_2_s316_fp32_binding.json,ba8bff7b22addb3fe19bdc2aee981bbe1c0e77185742928ead4f0a5820feb988,563
tsvc_2_s316,binding,fp64,lowerings/tsvc_2_s316/tsvc_2_s316_fp64_binding.json,41bf2473af3b1030e84768e4b17f77e7fef9a465083ae06eeef1a65d959d3d05,565
tsvc_2_s316,c,fp32,lowerings/tsvc_2_s316/tsvc_2_s316_fp32.c,4b2c60b3efc2c8e31365bcea43404adcc51d286f6ed2a27b320ec4c5028624ea,8362
tsvc_2_s316,c,fp64,lowerings/tsvc_2_s316/tsvc_2_s316_fp64.c,08dcd0a293fbd220cec71e5e6168b62ad96812233d6ce53511aa376908e360c8,8365
tsvc_2_s316,cpp,fp32,lowerings/tsvc_2_s316/tsvc_2_s316_fp32.cpp,238346b4bd3b0330ffbb44b4456d36c0531c40195f60b54838017172eb687ce7,7406
tsvc_2_s316,cpp,fp64,lowerings/tsvc_2_s316/tsvc_2_s316_fp64.cpp,da3aec3714a46f2f4feb484fc512a16d5abfa988adf158106060b11140d272d2,7409
tsvc_2_s316,fortran,fp32,lowerings/tsvc_2_s316/tsvc_2_s316_fp32.f90,485f13c0c0587d167bf94e14ebfae3aed233cc96ef4d0788edde26d7c71f72e9,677
tsvc_2_s316,fortran,fp64,lowerings/tsvc_2_s316/tsvc_2_s316_fp64.f90,f1f253d6f7375ca831eed0d962fff73c1e3f681eeed0cca7781d968c3b55068a,680
tsvc_2_s318,binding,fp32,lowerings/tsvc_2_s318/tsvc_2_s318_fp32_binding.json,af39c3489c1610ac331368dc0683ad166da4782271225aabc5008c59193a6e92,619
tsvc_2_s318,binding,fp64,lowerings/tsvc_2_s318/tsvc_2_s318_fp64_binding.json,132d3c2cba225642a05f4a2114078181444d048ff17ddd76a40449e76b550097,621
tsvc_2_s318,c,fp32,lowerings/tsvc_2_s318/tsvc_2_s318_fp32.c,acb2762aee93d89928544a593d3da07b9accf195cd5ea5fce4963e27fbd570fd,8598
tsvc_2_s318,c,fp64,lowerings/tsvc_2_s318/tsvc_2_s318_fp64.c,056a03a529353d422ca371b7e10fe799d8ba02b717622e011dbbc521cb46f7ea,8600
tsvc_2_s318,cpp,fp32,lowerings/tsvc_2_s318/tsvc_2_s318_fp32.cpp,9f31ca395a9189fc8aa71c987c4fb0c9cd9cddabf02062a5444f405e92b9c472,7642
tsvc_2_s318,cpp,fp64,lowerings/tsvc_2_s318/tsvc_2_s318_fp64.cpp,ba149ec4ae0421cfd722c1b9cbfff7217b0ef17f27e78e5549a4c0d6d36c193d,7644
tsvc_2_s318,fortran,fp32,lowerings/tsvc_2_s318/tsvc_2_s318_fp32.f90,4af4c62d25869e7f2023d033bbcf93e1c37ec9c6aaf674e0f682ff0d0ae200ae,932
tsvc_2_s318,fortran,fp64,lowerings/tsvc_2_s318/tsvc_2_s318_fp64.f90,85b61ac86210b4810a4772eff829cc6711d136b62afdb8c9bb6e67ba1ffb346a,937
tsvc_2_s319,binding,fp32,lowerings/tsvc_2_s319/tsvc_2_s319_fp32_binding.json,f9dbee092ae85bf7c012a6631a033f8e39345f7344f2cbafa83f02fe9b98c163,866
tsvc_2_s319,binding,fp64,lowerings/tsvc_2_s319/tsvc_2_s319_fp64_binding.json,c5a8714c1a68c5a62505464fc1888fc1601aee36fa324bf5ebc1a8e35369dcbd,871
tsvc_2_s319,c,fp32,lowerings/tsvc_2_s319/tsvc_2_s319_fp32.c,899aa6f18ea5474582951bb0e262971070ae5a67602431e7104ba49d878458e4,8517
tsvc_2_s319,c,fp64,lowerings/tsvc_2_s319/tsvc_2_s319_fp64.c,ff50f6bd2564f146b335440797b45519dbe10b0f8eae7571c69165beef67ec6a,8522
tsvc_2_s319,cpp,fp32,lowerings/tsvc_2_s319/tsvc_2_s319_fp32.cpp,59621f8f73f782f7d4db0119d3ad86b3ca713c04a29c34d1e0ad1964506f9adc,7573
tsvc_2_s319,cpp,fp64,lowerings/tsvc_2_s319/tsvc_2_s319_fp64.cpp,f7bb3af73c16bfc50a2cd0ca27b685c0b3c89cbb5d830f2cd61e57042fc2e814,7578
tsvc_2_s319,fortran,fp32,lowerings/tsvc_2_s319/tsvc_2_s319_fp32.f90,1baf16a0c3ec5e0d5a88329c4b34756d6a082cc0e9a75f70d36288119b9ec2f7,944
tsvc_2_s319,fortran,fp64,lowerings/tsvc_2_s319/tsvc_2_s319_fp64.f90,5f73757191d4f98196367591e88c94645fa2ad1ebe40d50461482574f242324d,951
tsvc_2_s323,binding,fp32,lowerings/tsvc_2_s323/tsvc_2_s323_fp32_binding.json,3dfeb1e863f483df46d496a5287d9281ccf2524996165fb83aff92a78ecc7486,866
tsvc_2_s323,binding,fp64,lowerings/tsvc_2_s323/tsvc_2_s323_fp64_binding.json,b46fe59eeb0c7edaa2aa9535eee3d581f68e7aa2c3da2885fd217182697dd0ea,871
tsvc_2_s323,c,fp32,lowerings/tsvc_2_s323/tsvc_2_s323_fp32.c,414fbe4939390c4fb14d0fb2b0a0ae2c275e7bd4755890c9cd659b30a226fddb,8394
tsvc_2_s323,c,fp64,lowerings/tsvc_2_s323/tsvc_2_s323_fp64.c,6c6521e9c898241ebb6a3d30caf85d467703c748ae510338e76d8a65089c3fd9,8399
tsvc_2_s323,cpp,fp32,lowerings/tsvc_2_s323/tsvc_2_s323_fp32.cpp,26e045a663228e7213911b0b80361e57af3e531a692889119f6326767cf83e60,7450
tsvc_2_s323,cpp,fp64,lowerings/tsvc_2_s323/tsvc_2_s323_fp64.cpp,4c753256f3202b96854f1154580d31c1c84c67fd7288fc1355e2c0dff999389d,7455
tsvc_2_s323,fortran,fp32,lowerings/tsvc_2_s323/tsvc_2_s323_fp32.f90,c74c7aef852f55cb464c32bbdac20b3acb5d1eabf40bb8a4f5e3ed4a53f5aa2c,819
tsvc_2_s323,fortran,fp64,lowerings/tsvc_2_s323/tsvc_2_s323_fp64.f90,ad2cd278e2e7fb8e40b750965fcca990c6ca28991fa19c777848e1eeccb817ab,824
tsvc_2_s4112,binding,fp32,lowerings/tsvc_2_s4112/tsvc_2_s4112_fp32_binding.json,72f8184a1bcb4e369c16bb21d08ac726b9f06f7dcc67c6a4838da6736aafc6f2,672
tsvc_2_s4112,binding,fp64,lowerings/tsvc_2_s4112/tsvc_2_s4112_fp64_binding.json,0bab2097f1c7fe96d27151f9274d9384135199110d1eeec90c2fba88c59e1404,674
tsvc_2_s4112,c,fp32,lowerings/tsvc_2_s4112/tsvc_2_s4112_fp32.c,465a6519677f5f571a3e8185a7adddfce3c14f49fc65ec2cb496ac4194522008,8325
tsvc_2_s4112,c,fp64,lowerings/tsvc_2_s4112/tsvc_2_s4112_fp64.c,0b00ef50cabb61c92042f9c0b92b0e51657e3cd957433183ee4e61da25287bd5,8326
tsvc_2_s4112,cpp,fp32,lowerings/tsvc_2_s4112/tsvc_2_s4112_fp32.cpp,7e44674ae51dae470bbb936482910925a12fcd3b6404576c15f4d186b9682a16,7373
tsvc_2_s4112,cpp,fp64,lowerings/tsvc_2_s4112/tsvc_2_s4112_fp64.cpp,4804186c2d74f6727cc71690f6cbbaa3c21b67cb20f70508cd6049423daf610d,7374
tsvc_2_s4112,fortran,fp32,lowerings/tsvc_2_s4112/tsvc_2_s4112_fp32.f90,5610faa1d4c0936b38501d753edbc11053809410f9ffd6bfdb5526636281abfd,673
tsvc_2_s4112,fortran,fp64,lowerings/tsvc_2_s4112/tsvc_2_s4112_fp64.f90,a43d7591754a337be7fadde29be4a7e6aae1c1b4f83cdf6a3b5a869787c8b725,676
tsvc_2_vag,binding,fp32,lowerings/tsvc_2_vag/tsvc_2_vag_fp32_binding.json,81dba55f7948fc7d09ef661f6bafc509f2d4744bf6262f1d8b757eab3102c659,658
tsvc_2_vag,binding,fp64,lowerings/tsvc_2_vag/tsvc_2_vag_fp64_binding.json,c53cf1217543e8a8da2ff85366b8a6eb140a6d7433d86c9d4e5812ebffefcc72,660
tsvc_2_vag,c,fp32,lowerings/tsvc_2_vag/tsvc_2_vag_fp32.c,e7191ba16fbd860ede5bcbebfc60a25ef65292cea500e7afe825bc4c0c3c375b,8303
tsvc_2_vag,c,fp64,lowerings/tsvc_2_vag/tsvc_2_vag_fp64.c,c4e27c5255bcda02c8fbf12a18c826ed193df5c8b272d14ac77bf6260ee99e5a,8305
tsvc_2_vag,cpp,fp32,lowerings/tsvc_2_vag/tsvc_2_vag_fp32.cpp,058881b5ff9c9b8fe7b2407ebc14694a1ecaf3d2df3187d3d4dfe0d48af30aa3,7351
tsvc_2_vag,cpp,fp64,lowerings/tsvc_2_vag/tsvc_2_vag_fp64.cpp,27e0d3c22835d2cb247c98a7b1f85ee948e2da120bf1ccd3279980cbbf8cc996,7353
tsvc_2_vag,fortran,fp32,lowerings/tsvc_2_vag/tsvc_2_vag_fp32.f90,5d0c4e8d2107f5081fd2af0f35e8a33cc234903313da54ba5f305cd0d2912be3,631
tsvc_2_vag,fortran,fp64,lowerings/tsvc_2_vag/tsvc_2_vag_fp64.f90,229530196987f1029251d1c9727eec2d5b8f560e72ea41de0db88e774c3faa11,633
tsvc_2_vpvts,binding,fp32,lowerings/tsvc_2_vpvts/tsvc_2_vpvts_fp32_binding.json,e9f74060b00cc389d9162e50838fc8c9cee1ca2f864994dce9582b328b3e0839,624
tsvc_2_vpvts,binding,fp64,lowerings/tsvc_2_vpvts/tsvc_2_vpvts_fp64_binding.json,3e387a0a0dfcc1d6ed145272b920438a06fe0cead666223f59686e201fc49cb8,626
tsvc_2_vpvts,c,fp32,lowerings/tsvc_2_vpvts/tsvc_2_vpvts_fp32.c,9c92be98d846e866a08fee2edadcf83e508087f21a4fa2802d2ffd9776da947f,8294
tsvc_2_vpvts,c,fp64,lowerings/tsvc_2_vpvts/tsvc_2_vpvts_fp64.c,b35b1ab4e7ce0a3da9710c88065586cbb4784b7851040f5f2cc502b3840515bd,8296
tsvc_2_vpvts,cpp,fp32,lowerings/tsvc_2_vpvts/tsvc_2_vpvts_fp32.cpp,fdf5148c57d9851a575210067758aa1bb833014954a9ad285a78491331071b40,7338
tsvc_2_vpvts,cpp,fp64,lowerings/tsvc_2_vpvts/tsvc_2_vpvts_fp64.cpp,d1007b232c35196e3c9d90cc5c681525a45225f80bb156726751998a8227f5ed,7340
tsvc_2_vpvts,fortran,fp32,lowerings/tsvc_2_vpvts/tsvc_2_vpvts_fp32.f90,7b2895fe3283a72f4ab7a6d644fb1a03b9348ece61ed342be3323a0534afe3e3,640
tsvc_2_vpvts,fortran,fp64,lowerings/tsvc_2_vpvts/tsvc_2_vpvts_fp64.f90,77fc0ad949ad5ba25c554b7f7c9294f29e5d464bc7aa414f7bf89a7182c1b1b9,642
tsvc_2_vtvtv,binding,fp32,lowerings/tsvc_2_vtvtv/tsvc_2_vtvtv_fp32_binding.json,0575951f1e7001ca497f804f8318ce3348047d7824ea367508db7f13fc605f6b,671
tsvc_2_vtvtv,binding,fp64,lowerings/tsvc_2_vtvtv/tsvc_2_vtvtv_fp64_binding.json,e1a87509ebe71be26d417880155432d91f9b88661d699ed2712445795af864dc,674
tsvc_2_vtvtv,c,fp32,lowerings/tsvc_2_vtvtv/tsvc_2_vtvtv_fp32.c,8d2c870519a785a923a7f3d2693a7cf7b41ce3a88ed9e1634143d897017c107e,8305
tsvc_2_vtvtv,c,fp64,lowerings/tsvc_2_vtvtv/tsvc_2_vtvtv_fp64.c,9b4fe86287064a02abda16161a62186f3063b059afb7e655e958e27a5d6f96e6,8308
tsvc_2_vtvtv,cpp,fp32,lowerings/tsvc_2_vtvtv/tsvc_2_vtvtv_fp32.cpp,7f0ec13e24aa101a08708c03cc387bf9eb0804d16ba4276876bef64878a13ff7,7353
tsvc_2_vtvtv,cpp,fp64,lowerings/tsvc_2_vtvtv/tsvc_2_vtvtv_fp64.cpp,b0a7e9425a4feeb8087d32d830f7600282a41e4ce9039cc7ca290f7c6f0fe5d8,7356
tsvc_2_vtvtv,fortran,fp32,lowerings/tsvc_2_vtvtv/tsvc_2_vtvtv_fp32.f90,163ca0dcfaf16911992b156f6f80ca51aa59606a7b4665eb207b77f23fc2c4ce,648
tsvc_2_vtvtv,fortran,fp64,lowerings/tsvc_2_vtvtv/tsvc_2_vtvtv_fp64.f90,d267eb5fdb62557f682a29a360fea0c6d5889c8d1ad58885605e28f34474ecb7,651
versioned_distance_update,binding,fp32,lowerings/versioned_distance_update/versioned_distance_update_fp32_binding.json,a8a5360e985c71d48576a462e43dc8296cdb90d69a1534b9a5e281a3b081cfad,816
versioned_distance_update,binding,fp64,lowerings/versioned_distance_update/versioned_distance_update_fp64_binding.json,e8dfed9da973165c25e92161ed441cf9ffd619c69f8895d2619d82167638645f,819
versioned_distance_update,c,fp32,lowerings/versioned_distance_update/versioned_distance_update_fp32.c,c71b341acc758305542e33a7a13abd5031a47afe638501d8b0bdafa1beb634dc,8364
versioned_distance_update,c,fp64,lowerings/versioned_distance_update/versioned_distance_update_fp64.c,21279fd27a537f06bfe1d495492a45a11e86c057166644fca995e025359344d8,8366
versioned_distance_update,cpp,fp32,lowerings/versioned_distance_update/versioned_distance_update_fp32.cpp,d66f493c436a60afa3c6b4ae95411c2d5f44c9e1bc38cf97548b0e8117aaa303,7412
versioned_distance_update,cpp,fp64,lowerings/versioned_distance_update/versioned_distance_update_fp64.cpp,430ee1550166dec5ee8420ce58cad4cda0a8bb2068d1c3805d8fd85137817e86,7414
versioned_distance_update,fortran,fp32,lowerings/versioned_distance_update/versioned_distance_update_fp32.f90,8ca5d4b42252de8434ae70d528ace337810e36b8e7773c2f35ad30f0182d7f7e,773
versioned_distance_update,fortran,fp64,lowerings/versioned_distance_update/versioned_distance_update_fp64.f90,459be34eb302b4ddd69cc352bbf209d2fbad244756cc4dcbf11e55f88e6be389,777
wf_diff_skew,binding,fp32,lowerings/wf_diff_skew/wf_diff_skew_fp32_binding.json,fdbc3915cfba110ec6346dd3661936599153ce38a30b4fa147efd542b67a41a0,487
wf_diff_skew,binding,fp64,lowerings/wf_diff_skew/wf_diff_skew_fp64_binding.json,5477e18918bf2c43c93693cb9017e01a587e9644830ef229190ed2f435852a6b,488
wf_diff_skew,c,fp32,lowerings/wf_diff_skew/wf_diff_skew_fp32.c,acbdc1d28d901725dbd86f714a4bcee442023e5979bfb59f69299adca154e06b,8410
wf_diff_skew,c,fp64,lowerings/wf_diff_skew/wf_diff_skew_fp64.c,e5caf2efae52b6e69a78d8fee5fb2c99e548923dd86e01749b350a3734f4a3c4,8411
wf_diff_skew,cpp,fp32,lowerings/wf_diff_skew/wf_diff_skew_fp32.cpp,1e5d711b81c6182b5090f355f76a0b554a3f16912fa4cea345a7ebb581e540dc,7450
wf_diff_skew,cpp,fp64,lowerings/wf_diff_skew/wf_diff_skew_fp64.cpp,7c2f1d3e4301fb2aa6cc65e1dc5447ef7e8ed9a0f014839c2cf979c2db3224b0,7451
wf_diff_skew,fortran,fp32,lowerings/wf_diff_skew/wf_diff_skew_fp32.f90,d76e4769e518b7576170cce23d92c6fb9b5c70bd28ccdfed91231fe935891106,710
wf_diff_skew,fortran,fp64,lowerings/wf_diff_skew/wf_diff_skew_fp64.f90,d0ce69099f9c5b6f3f3e11804b155daeacbbfdea616b7e76f8ec693c0f703e50,711
wf_triangular,binding,fp32,lowerings/wf_triangular/wf_triangular_fp32_binding.json,26fd20833954dcd3c30f9018da4d29e9671478ca5a68283d66b5cf04ae9c24d6,494
wf_triangular,binding,fp64,lowerings/wf_triangular/wf_triangular_fp64_binding.json,ab3e7069eb15a0771172fcd1071c84d5ae26a479fbbf9634e142e1b7b9ba3616,495
wf_triangular,c,fp32,lowerings/wf_triangular/wf_triangular_fp32.c,d607321d7e42ed065884aa0a8c1432e88b7c36801be6d79f7c80ca5fed8eedeb,8400
wf_triangular,c,fp64,lowerings/wf_triangular/wf_triangular_fp64.c,09a7bde9ee1ff7a45243662a547a440f9f1736dab79aaaea12fe01472aaa7123,8401
wf_triangular,cpp,fp32,lowerings/wf_triangular/wf_triangular_fp32.cpp,3cf599d03984478e65049d1f806b92179fa45527d15586ccb97afed429ea8d17,7440
wf_triangular,cpp,fp64,lowerings/wf_triangular/wf_triangular_fp64.cpp,5b23ce0a026583280f5177fd2f894abab95300818ece9db803a0a926ad426a54,7441
wf_triangular,fortran,fp32,lowerings/wf_triangular/wf_triangular_fp32.f90,1abf23fe0bfbbe3e03c03fcf694a2dd70fdb45f28c5676cf4fff9db1cb6af561,705
wf_triangular,fortran,fp64,lowerings/wf_triangular/wf_triangular_fp64.f90,6c9a92a349d932181dfcaedae06fb85d8f78ec540d48794125156114b0912d8b,706
