model,benchmark,n,median_tokens,ci_low,ci_high
kimi27sglang,compact_threshold_pack,2,1013332.0,911520.0,1115144.0
kimi27sglang,ext_war_unit,2,1253011.5,1129099.0,1376924.0
kimi27sglang,fuse_stencil_through_transient,1,1592989.0,1592989.0,1592989.0
kimi27sglang,quasi_affine_reduce_odd,1,913694.0,913694.0,913694.0
kimi27sglang,scan_affine_decay,4,1329203.5,405958.0,1832381.0
kimi27sglang,scatter_accum_dup,2,1912035.0,1488696.0,2335374.0
kimi27sglang,segment_reduce_ragged,2,1266709.0,863701.0,1669717.0
kimi27sglang,tsvc_2_s119,1,1129540.0,1129540.0,1129540.0
kimi27sglang,tsvc_2_s1232,1,1596600.0,1596600.0,1596600.0
kimi27sglang,tsvc_2_s1244,2,1700045.0,836521.0,2563569.0
kimi27sglang,tsvc_2_s2233,7,367314.0,298297.0,676666.0
kimi27sglang,tsvc_2_s231,1,1722363.0,1722363.0,1722363.0
kimi27sglang,tsvc_2_s235,1,982787.0,982787.0,982787.0
kimi27sglang,tsvc_2_s2710,2,1660646.0,1274263.0,2047029.0
kimi27sglang,tsvc_2_s275,5,1622791.0,785346.0,6393117.0
kimi27sglang,tsvc_2_s3110,1,907988.0,907988.0,907988.0
kimi27sglang,tsvc_2_s3111,1,1107404.0,1107404.0,1107404.0
kimi27sglang,tsvc_2_s3112,8,1391545.0,526885.5,3147282.0
kimi27sglang,tsvc_2_s316,1,1651869.0,1651869.0,1651869.0
kimi27sglang,tsvc_2_s318,1,1066625.0,1066625.0,1066625.0
kimi27sglang,tsvc_2_s323,2,1649889.5,1313147.0,1986632.0
kimi27sglang,tsvc_2_s4112,4,4707992.5,651259.0,12379033.0
kimi27sglang,tsvc_2_vag,4,1451073.0,394089.0,7399738.0
kimi27sglang,tsvc_2_vpvts,6,1419864.0,931157.5,4194721.0
kimi27sglang,tsvc_2_vtvtv,4,1167288.5,211848.0,4678956.0
kimi27sglang,versioned_distance_update,6,581517.5,279467.5,956002.0
kimi27sglang,wf_diff_skew,1,1000053.0,1000053.0,1000053.0
kimi27sglang,wf_triangular,2,1274474.5,1013149.0,1535800.0
oss120b,argmax_with_index,3,11741133.0,335504.0,12475850.0
oss120b,compact_threshold_pack,8,6806391.0,2268230.0,15556980.5
oss120b,ext_break_capture,7,3378759.0,2018755.0,7609531.0
oss120b,fuse_diamond,2,390006.0,68297.0,711715.0
oss120b,scan_affine_decay,10,5230195.5,3952695.0,6927899.0
oss120b,scatter_accum_dup,5,5523767.0,753203.0,10525831.0
oss120b,segment_reduce_ragged,6,4773618.5,3496827.5,8074289.5
oss120b,tsvc_2_s119,1,319007.0,319007.0,319007.0
oss120b,tsvc_2_s2233,10,788797.0,639884.0,1007144.0
oss120b,tsvc_2_s231,3,1518942.0,753356.0,3530709.0
oss120b,tsvc_2_s233,1,405527.0,405527.0,405527.0
oss120b,tsvc_2_s235,3,3215243.0,2219436.0,5540925.0
oss120b,tsvc_2_s2710,1,1844227.0,1844227.0,1844227.0
oss120b,tsvc_2_s275,2,796217.5,364435.0,1228000.0
oss120b,tsvc_2_s3112,3,690451.0,428058.0,930333.0
oss120b,tsvc_2_s323,5,779358.0,280085.0,7166815.0
oss120b,tsvc_2_s4112,5,5539909.0,2962529.0,11789281.0
oss120b,tsvc_2_vag,3,3085932.0,1188470.0,3265063.0
oss120b,tsvc_2_vtvtv,1,809818.0,809818.0,809818.0
oss120b,versioned_distance_update,1,3853878.0,3853878.0,3853878.0
qwen38,argmax_with_index,2,8249344.5,6787856.0,9710833.0
qwen38,compact_threshold_pack,1,2302246.0,2302246.0,2302246.0
qwen38,ext_break_capture,2,2787702.5,2172705.0,3402700.0
qwen38,fuse_move_ifs,3,6078231.0,216061.0,7323411.0
qwen38,fuse_stencil_through_transient,2,8418514.5,6011596.0,10825433.0
qwen38,quasi_affine_reduce_odd,1,1427409.0,1427409.0,1427409.0
qwen38,scatter_accum_dup,1,3786589.0,3786589.0,3786589.0
qwen38,segment_reduce_ragged,2,6856353.0,4883012.0,8829694.0
qwen38,tsvc_2_s115,4,4655730.0,241412.0,8790310.0
qwen38,tsvc_2_s119,2,2635970.0,2007831.0,3264109.0
qwen38,tsvc_2_s1232,1,3210343.0,3210343.0,3210343.0
qwen38,tsvc_2_s152,1,5802177.0,5802177.0,5802177.0
qwen38,tsvc_2_s2233,8,1518160.5,592789.0,6608205.0
qwen38,tsvc_2_s2275,3,5974344.0,5238005.0,6361699.0
qwen38,tsvc_2_s231,1,3286798.0,3286798.0,3286798.0
qwen38,tsvc_2_s233,2,1300909.5,983057.0,1618762.0
qwen38,tsvc_2_s235,3,4464611.0,114571.0,5089884.0
qwen38,tsvc_2_s252,1,2972127.0,2972127.0,2972127.0
qwen38,tsvc_2_s2710,3,4984508.0,1534656.0,5472814.0
qwen38,tsvc_2_s275,4,3272304.0,305347.0,6992363.0
qwen38,tsvc_2_s3110,1,2605085.0,2605085.0,2605085.0
qwen38,tsvc_2_s3111,1,1149449.0,1149449.0,1149449.0
qwen38,tsvc_2_s3112,7,6733782.0,860426.0,7034375.0
qwen38,tsvc_2_s316,1,3651849.0,3651849.0,3651849.0
qwen38,tsvc_2_s318,1,5581276.0,5581276.0,5581276.0
qwen38,tsvc_2_s323,4,2746696.5,2331158.0,7380403.0
qwen38,tsvc_2_s4112,4,3774373.0,655850.0,6662547.0
qwen38,tsvc_2_vag,4,6555953.5,4268502.0,8308703.0
qwen38,tsvc_2_vpvts,4,1755577.0,268293.0,9397508.0
qwen38,tsvc_2_vtvtv,4,3658854.0,89267.0,6404813.0
qwen38,versioned_distance_update,4,5951187.5,1804248.0,8716201.0
qwen38,wf_diff_skew,3,5348847.0,1726707.0,8487237.0
qwen38,wf_triangular,2,3296492.5,2635814.0,3957171.0
