baseline,job,arm,submissions,kernels
c,618217,llr40v9-qwen38-c,12,3
c,618218,llr40v9-qwen38-cpp,1,1
c,618219,llr40v9-qwen38-fortran,9,3
c,618220,llr40v9-oss120b-c,4,4
c,618221,llr40v9-oss120b-cpp,3,3
c,618222,llr40v9-oss120b-fortran,4,4
c,618223,llr40v9-kimi27sglang-c,16,4
c,618224,llr40v9-kimi27sglang-cpp,2,1
c,618225,llr40v9-kimi27sglang-fortran,21,4
c,618226,llr40v9-qwen38-c-skills,5,2
c,618228,llr40v9-qwen38-fortran-skills,16,3
c,618229,llr40v9-oss120b-c-skills,3,3
c,618231,llr40v9-oss120b-fortran-skills,4,4
c,618232,llr40v9-kimi27sglang-c-skills,26,4
c,618234,llr40v9-kimi27sglang-fortran-skills,18,3
c,619183,llr40v9-qwen38-c,13,4
c,619184,llr40v9-qwen38-fortran,10,4
c,619185,llr40v9-kimi27sglang-c,32,3
c,619186,llr40v9-kimi27sglang-fortran,30,6
c,621015,llr40v10-oss120b-c,37,33
c,621016,llr40v10-qwen38-c,31,21
c,621017,llr40v10-kimi27sglang-c,54,18
c,621019,llr40v10-oss120b-fortran,34,29
c,621020,llr40v10-qwen38-fortran,18,18
c,621021,llr40v10-kimi27sglang-fortran,9,7
c,621022,llr40v10-kimi27sglang-fortran,53,18
c,621382,llr40v10-oss120b-c,38,36
c,621383,llr40v10-qwen38-c,43,23
c,621384,llr40v10-oss120b-fortran,34,33
c,621385,llr40v10-qwen38-fortran,27,22
numba,621018,llr40v10-kimi27sglang-c,11,10
numba,621023,llr40v10-oss120b-c-skills,47,33
numba,621024,llr40v10-qwen38-c-skills,47,28
numba,621025,llr40v10-kimi27sglang-c-skills,67,18
numba,621026,llr40v10-kimi27sglang-c-skills,62,14
numba,621027,llr40v10-oss120b-fortran-skills,37,31
numba,621028,llr40v10-qwen38-fortran-skills,33,28
numba,621029,llr40v10-kimi27sglang-fortran-skills,34,12
numba,621030,llr40v10-kimi27sglang-fortran-skills,40,15
numba,621727,llr40v10-qwen38-c,40,23
numba,621728,llr40v10-qwen38-fortran,17,17
numba,621729,llr40v10-kimi27sglang-c,50,15
numba,621730,llr40v10-kimi27sglang-c,48,15
numba,621731,llr40v10-kimi27sglang-fortran,42,16
numba,621732,llr40v10-kimi27sglang-fortran,49,15
numba,622265,llr40v10-qwen38-c,33,25
numba,622266,llr40v10-qwen38-fortran,25,17
numba,625311,llr40v10-oss120b-c-skills,3,3
numba,625312,llr40v10-qwen38-c-skills,2,2
numba,625315,llr40v10-oss120b-fortran-skills,1,1
numba,625531,llr40v11-oss120b-c,39,32
numba,625532,llr40v11-qwen38-c,33,24
numba,625533,llr40v11-kimi27sglang-c,31,16
numba,625534,llr40v11-kimi27sglang-c,18,11
numba,625535,llr40v11-oss120b-c-skills,36,35
numba,625536,llr40v11-qwen38-c-skills,44,26
numba,625537,llr40v11-kimi27sglang-c-skills,21,12
numba,625538,llr40v11-kimi27sglang-c-skills,22,13
numba,625539,llr40v11-oss120b-fortran,29,26
numba,625540,llr40v11-qwen38-fortran,19,17
numba,625541,llr40v11-kimi27sglang-fortran,23,15
numba,625542,llr40v11-kimi27sglang-fortran,15,11
numba,625543,llr40v11-oss120b-fortran-skills,27,26
numba,625544,llr40v11-qwen38-fortran-skills,29,23
numba,625545,llr40v11-kimi27sglang-fortran-skills,39,15
numba,625546,llr40v11-kimi27sglang-fortran-skills,21,11
numba,626363,v11w2-oss120b-c,6,4
numba,626364,v11w2-oss120b-c-skills,2,2
numba,626365,v11w2-qwen38-c,22,11
numba,626366,v11w2-qwen38-c-skills,20,8
numba,626367,v11w2-kimi27sglang-c,11,7
numba,626368,v11w2-kimi27sglang-c-skills,18,10
numba,626369,v11w2-oss120b-fortran,6,6
numba,626370,v11w2-oss120b-fortran-skills,5,5
numba,626371,v11w2-qwen38-fortran,22,15
numba,626372,v11w2-qwen38-fortran-skills,26,13
numba,626373,v11w2-kimi27sglang-fortran,14,8
numba,626374,v11w2-kimi27sglang-fortran-skills,19,9
numba,626521,gpuv2-llr40-qwen38-omp,9,8
numba,626523,gpuv4-llr40-qwen38-pytriton,15,12
numba,626556,gpuv2-llr40-qwen38-omp,4,4
numba,626557,gpuv4-llr40-qwen38-pytriton,29,16
numba,626561,gpuv2-llr40-qwen38-omp-skills,11,11
numba,626645,gpuv2-llr40-qwen38-hip,24,14
numba,626646,gpuv2-llr40-qwen38-hip-skills,23,14
numba,626651,gpuv4-llr40-qwen38-pytriton-skills,30,18
numba,627005,v11w2-oss120b-c,1,1
numba,627007,v11w2-qwen38-c,8,4
numba,627008,v11w2-qwen38-c-skills,10,5
numba,627009,v11w2-kimi27sglang-c,4,3
numba,627010,v11w2-kimi27sglang-c-skills,21,3
numba,627011,v11w2-oss120b-fortran,4,4
numba,627012,v11w2-oss120b-fortran-skills,5,3
numba,627013,v11w2-qwen38-fortran,11,6
numba,627014,v11w2-qwen38-fortran-skills,4,3
numba,627015,v11w2-kimi27sglang-fortran,22,4
numba,627016,v11w2-kimi27sglang-fortran-skills,19,4
numba,627017,gpuv2-llr40-qwen38-hip,32,21
numba,627018,gpuv2-llr40-qwen38-hip-skills,30,19
numba,627019,gpuv4-llr40-qwen38-pytriton,20,16
numba,627020,gpuv4-llr40-qwen38-pytriton-skills,36,22
numba,627077,gpuv2-llr40-qwen38-omp,11,10
numba,627078,gpuv2-llr40-qwen38-omp-skills,14,11
numba,627167,gpuv2-llr40-oss120b-hip,36,35
numba,627168,gpuv2-llr40-oss120b-hip-skills,35,35
numba,627173,gpuv2-llr40-oss120b-omp,26,25
numba,627174,gpuv2-llr40-oss120b-omp-skills,23,22
numba,627175,gpuv4-llr40-oss120b-pytriton,38,35
numba,627176,gpuv4-llr40-oss120b-pytriton-skills,38,32
numba,627228,gpuv2-llr40-qwen38-hip,30,15
numba,627229,gpuv2-llr40-qwen38-hip-skills,24,15
numba,627230,gpuv4-llr40-qwen38-pytriton,30,18
numba,627231,gpuv4-llr40-qwen38-pytriton-skills,33,19
numba,627366,v11w2-oss120b-c,5,2
numba,627367,v11w2-oss120b-c-skills,1,1
numba,627368,v11w2-qwen38-c,7,1
numba,627369,v11w2-qwen38-c-skills,1,1
numba,627370,v11w2-kimi27sglang-c,10,3
numba,627371,v11w2-kimi27sglang-c-skills,9,2
numba,627372,v11w2-oss120b-fortran,4,3
numba,627373,v11w2-oss120b-fortran-skills,9,3
numba,627374,v11w2-qwen38-fortran,2,1
numba,627375,v11w2-qwen38-fortran-skills,3,1
numba,627376,v11w2-kimi27sglang-fortran,13,2
numba,627377,v11w2-kimi27sglang-fortran-skills,5,1
numba,628043,v11w2-oss120b-c,2,1
numba,628045,v11w2-oss120b-fortran,4,2
numba,628046,v11w2-oss120b-fortran-skills,8,2
numba,628047,v11w2-qwen38-fortran,1,1
numba,628162,v11w2-oss120b-c,1,1
numba,628163,v11w2-oss120b-c-skills,1,1
numba,628164,v11w2-oss120b-fortran,2,2
numba,628165,v11w2-oss120b-fortran-skills,2,2
numba,628542,v11w2-oss120b-fortran-skills,1,1
