intervention,baseline,model,language,before,after,tasks,score_pct,score_ci_low_pct,score_ci_high_pct,score_median_delta,score_wins,score_losses,score_hl_pct,score_hl_ci_low_pct,score_hl_ci_high_pct,score_pairs_tested,score_p_value,score_p_adjusted,score_verdict,score_family,cost_pct,cost_ci_low_pct,cost_ci_high_pct,cost_median_delta,cost_wins,cost_losses,cost_hl_pct,cost_hl_ci_low_pct,cost_hl_ci_high_pct,cost_pairs_tested,cost_p_value,cost_p_adjusted,cost_verdict,cost_family,q,overall_effect,n_before_solved,n_after_solved,n_only_before,n_only_after,n_neither,coverage_p,before_geomean_paired,before_geomean_all
skills:c:kimi27sglang:c,c,kimi27sglang,c,llr40v9-kimi27sglang-c,llr40v9-kimi27sglang-c-skills,4,-13.8651,-20.4558,-6.7282,-0.1493,0,4,-13.8651,,,4,,,underpowered,skills,88.7279,17.0511,204.2963,0.5921,4,0,88.7279,,,4,,,underpowered,skills,0.2429,1.275,4.0,4.0,0.0,0.0,0.0,1.0,14.179,14.179
skills:c:kimi27sglang:fortran,c,kimi27sglang,fortran,llr40v9-kimi27sglang-fortran,llr40v9-kimi27sglang-fortran-skills,3,0.0,-10.3676,7.2135,0.0398,2,1,1.0,,,3,,,underpowered,skills,157.3443,28.0021,543.7362,0.7267,3,0,143.6636,,,3,,,underpowered,skills,0.4726,1.6042,6.0,3.0,3.0,0.0,0.0,0.25,11.038,9.274
skills:c:oss120b:c,c,oss120b,c,llr40v9-oss120b-c,llr40v9-oss120b-c-skills,2,-63.0289,-81.7591,-25.0658,-0.995,0,2,-63.0289,,,2,,,underpowered,skills,25.0748,19.6304,30.767,0.2237,2,0,25.0748,,,2,,,underpowered,skills,-0.3856,0.68,4.0,3.0,2.0,1.0,1.0,1.0,20.086,7.1363
skills:c:oss120b:fortran,c,oss120b,fortran,llr40v9-oss120b-fortran,llr40v9-oss120b-fortran-skills,3,-38.3841,-75.4141,1.0,-0.0597,1,2,-31.4847,,,3,,,underpowered,skills,-62.5837,-91.3708,33.2496,-0.7862,1,2,-60.6963,,,3,,,underpowered,skills,-0.7337,0.4802,4.0,4.0,1.0,1.0,1.0,1.0,8.2166,4.8531
skills:c:qwen38:c,c,qwen38,c,llr40v9-qwen38-c,llr40v9-qwen38-c-skills,2,-43.2871,-49.1669,-36.7272,-0.5672,0,2,-43.2871,,,2,,,underpowered,skills,111.0451,33.6843,233.1732,0.7469,2,0,111.0451,,,2,,,underpowered,skills,0.0899,1.094,4.0,2.0,2.0,0.0,0.0,0.5,19.3023,12.9322
skills:c:qwen38:fortran,c,qwen38,fortran,llr40v9-qwen38-fortran,llr40v9-qwen38-fortran-skills,3,20.8109,-1.9704,79.871,0.0,1,1,32.7881,,,2,,,underpowered,skills,68.324,-28.126,436.7734,0.212,2,1,55.8219,,,3,,,underpowered,skills,0.3549,1.426,4.0,3.0,1.0,0.0,0.0,1.0,10.6426,10.4675
skills:numba:llr40-oss120b:hip,numba,llr40-oss120b,hip,gpuv2-llr40-oss120b-hip,gpuv2-llr40-oss120b-hip-skills,33,6.7297,-27.5323,52.8898,0.01,18,12,10.4622,-11.6955,58.8341,30,0.3441,0.7875,not-significant,skills,-4.7108,-30.8188,31.4069,-0.0319,16,17,-4.054,-30.62,39.1893,33,0.8187,0.9347,not-significant,skills,0.0084,1.0085,35.0,35.0,2.0,2.0,3.0,1.0,27.7047,30.4328
skills:numba:llr40-oss120b:omp,numba,llr40-oss120b,omp,gpuv2-llr40-oss120b-omp,gpuv2-llr40-oss120b-omp-skills,19,46.3354,-4.8036,132.2481,0.0597,11,7,23.8539,-5.7955,131.8228,18,0.1815,0.7875,not-significant,skills,-26.5234,-59.3512,31.7287,-0.3588,8,11,-25.6999,-60.6188,36.9879,19,0.3124,0.7875,not-significant,skills,0.0363,1.0369,25.0,22.0,6.0,3.0,12.0,0.5078,4.9061,3.7086
skills:numba:llr40-qwen38:hip,numba,llr40-qwen38,hip,gpuv2-llr40-qwen38-hip,gpuv2-llr40-qwen38-hip-skills,8,17.2579,-4.6165,53.9712,0.0299,4,3,10.1878,-12.1337,78.9783,7,0.375,0.7875,not-significant,skills,67.1322,-50.0453,405.1765,0.6412,5,3,91.3023,-63.4052,662.5509,8,0.4609,0.8672,not-significant,skills,0.3364,1.3999,27.0,30.0,4.0,7.0,2.0,0.5488,131.7146,87.7683
skills:numba:llr40-qwen38:omp,numba,llr40-qwen38,omp,gpuv2-llr40-qwen38-omp,gpuv2-llr40-qwen38-omp-skills,9,-5.5869,-49.5588,65.7409,-0.1393,4,5,2.5188,-57.5026,86.2455,9,1.0,1.0,not-significant,skills,55.0798,-5.1867,167.5062,0.1767,7,2,45.3609,-21.3658,242.4044,9,0.2031,0.7875,not-significant,skills,0.1906,1.21,16.0,17.0,7.0,8.0,16.0,1.0,15.4646,15.8289
skills:numba:llr40-oss120b:pytriton,numba,llr40-oss120b,pytriton,gpuv4-llr40-oss120b-pytriton,gpuv4-llr40-oss120b-pytriton-skills,30,23.1166,-3.0697,60.6355,0.0199,17,8,13.2445,-1.4815,51.1252,25,0.0903,0.6322,not-significant,skills,-32.3763,-53.5646,-2.5674,-0.2017,7,23,-28.4548,-52.0266,-9.2,30,0.0185,0.1946,not-significant,skills,-0.0916,0.9124,35.0,32.0,5.0,2.0,3.0,0.4531,2.0786,1.9433
skills:numba:llr40-qwen38:pytriton,numba,llr40-qwen38,pytriton,gpuv4-llr40-qwen38-pytriton,gpuv4-llr40-qwen38-pytriton-skills,23,5.8768,-3.8604,19.0984,0.0199,12,11,1.5037,-6.263,11.5668,23,0.761,0.9347,not-significant,skills,13.256,-31.0461,80.7629,0.3143,12,11,18.5591,-30.9217,92.2562,23,0.5202,0.8672,not-significant,skills,0.0908,1.095,31.0,30.0,7.0,6.0,3.0,1.0,12.5641,8.8244
skills:numba:kimi27sglang:c,numba,kimi27sglang,c,v11w2-kimi27sglang-c,v11w2-kimi27sglang-c-skills,7,-13.2507,-33.5942,7.6717,-0.0398,2,5,-6.4959,-37.974,14.377,7,0.2969,0.7875,not-significant,skills,19.6589,-35.9463,139.6237,0.132,4,3,10.8473,-49.5568,223.0089,7,0.8125,0.9347,not-significant,skills,0.0187,1.0188,13.0,15.0,6.0,8.0,0.0,0.7905,5.321,4.0086
skills:numba:kimi27sglang:fortran,numba,kimi27sglang,fortran,v11w2-kimi27sglang-fortran,v11w2-kimi27sglang-fortran-skills,6,0.4988,-11.8418,14.377,0.0249,3,2,1.0,,,5,,,underpowered,skills,-23.9079,-74.2546,103.6418,-0.2605,2,4,-22.9345,-82.3299,223.5341,6,0.6875,0.9347,not-significant,skills,-0.1341,0.8745,14.0,14.0,8.0,8.0,0.0,1.0,4.0005,6.6278
skills:numba:qwen38:c,numba,qwen38,c,v11w2-qwen38-c,v11w2-qwen38-c-skills,10,31.7353,-35.5838,154.5523,0.1791,7,3,23.2392,-29.4086,204.7852,10,0.3223,0.7875,not-significant,skills,-1.5593,-40.3575,57.712,0.0119,5,5,2.8059,-47.2747,74.0674,10,0.8457,0.9347,not-significant,skills,0.13,1.1388,16.0,14.0,6.0,4.0,0.0,0.7539,4.4929,4.4651
skills:numba:qwen38:fortran,numba,qwen38,fortran,v11w2-qwen38-fortran,v11w2-qwen38-fortran-skills,10,-11.2551,-47.7827,29.5256,0.0597,6,3,6.152,-66.1958,48.8864,9,0.5533,0.8672,not-significant,skills,7.7533,-42.5455,94.2214,0.109,5,5,3.7245,-44.6978,130.6822,10,0.9219,0.968,not-significant,skills,-0.0224,0.9779,23.0,17.0,13.0,7.0,0.0,0.2632,6.7294,7.2499
skills:numba:oss120b:c,numba,oss120b,c,v11w2-oss120b-c,v11w2-oss120b-c-skills,1,-4.8534,-4.8534,-4.8534,-0.0498,0,1,-4.8534,,,1,,,underpowered,skills,118.665,118.665,118.665,0.7824,1,0,118.665,,,1,,,underpowered,skills,0.3663,1.4424,8.0,4.0,7.0,3.0,0.0,0.3438,23.2035,5.7261
skills:numba:oss120b:fortran,numba,oss120b,fortran,v11w2-oss120b-fortran,v11w2-oss120b-fortran-skills,9,3.0301,-20.6315,44.9877,0.0,3,4,-4.6165,-32.4997,87.1744,7,0.5781,0.8672,not-significant,skills,-59.0218,-74.4853,-33.7031,-0.7763,1,8,-55.2253,-77.7637,-22.5346,9,0.0117,0.1946,not-significant,skills,-0.4311,0.6498,14.0,13.0,5.0,4.0,0.0,1.0,4.5328,2.9793
skills:all,all,all,all,no-skills,skills,377,7.2079,-1.5971,16.7576,0.01,194,153,4.0604,0.4988,8.2857,347,0.0227,,not-independent,skills,-11.1205,-20.8419,-0.3313,-0.15,170,207,-10.7413,-20.3539,-0.1573,377,0.0468,,not-independent,skills,-0.0241,0.9761,,,,,,,,
